Date,Open,High,Low,Close,Volume,Adj Close
11/04/10,2569.27,2579.62,2564.05,2577.34,2492050000,2577.34
11/03/10,2532.83,2541.42,2511.31,2540.27,1990410000,2540.27
11/02/10,2525.94,2534.88,2518.29,2533.52,1914980000,2533.52
11/01/10,2520.45,2532.37,2491.46,2504.84,1904790000,2504.84
10/29/10,2505.99,2517.5,2505.86,2507.41,2068700000,2507.41
10/28/10,2516.16,2516.2,2489.76,2507.37,1998340000,2507.37
10/27/10,2484.09,2505.35,2478.01,2503.26,2013240000,2503.26
10/26/10,2476.51,2503.03,2470.12,2497.29,1914350000,2497.29
10/25/10,2491.62,2507.03,2490.11,2490.85,1746320000,2490.85
10/22/10,2461.6,2479.39,2459.43,2479.39,1648180000,2479.39
10/21/10,2470.72,2482.14,2436.34,2459.67,2135480000,2459.67
10/20/10,2443.2,2469.72,2441.07,2457.39,2016770000,2457.39
10/19/10,2442.21,2462.94,2422.14,2436.95,2241840000,2436.95
10/18/10,2470.12,2480.95,2462.55,2480.66,1724710000,2480.66
10/15/10,2461.7,2468.77,2438.03,2468.77,2232810000,2468.77
10/14/10,2441.21,2445.85,2422.07,2435.38,2014540000,2435.38
10/13/10,2432.55,2452.54,2426.52,2441.23,2294450000,2441.23
10/12/10,2397.7,2421.79,2379.39,2417.92,1960920000,2417.92
10/11/10,2403.46,2413.03,2397.57,2402.33,1539990000,2402.33
10/08/10,2384.76,2406.67,2370.53,2401.91,2000980000,2401.91
10/07/10,2391.63,2392.74,2368.25,2383.67,1846240000,2383.67
10/06/10,2395.16,2399.13,2368.43,2380.66,2103800000,2380.66
10/05/10,2368.52,2402.42,2366.06,2399.83,2203470000,2399.83
10/04/10,2362.25,2370.87,2332.46,2344.52,1901980000,2344.52
10/01/10,2386.82,2389.45,2359.32,2370.75,1932650000,2370.75
09/30/10,2390.96,2400.06,2354.22,2368.62,2418300000,2368.62
09/29/10,2372.37,2382.15,2366.19,2376.56,2077930000,2376.56
09/28/10,2373.13,2383.67,2339.5,2379.59,2125730000,2379.59
09/27/10,2379.73,2386.01,2368.65,2369.77,1873120000,2369.77
09/24/10,2356.26,2381.22,2353.5,2381.22,1993380000,2381.22
09/23/10,2316.71,2353.79,2316.11,2327.08,1923110000,2327.08
09/22/10,2339.91,2355.91,2323.55,2334.55,2170210000,2334.55
09/21/10,2355.27,2366.76,2341.82,2349.35,2125100000,2349.35
09/20/10,2322.8,2358.9,2317.89,2355.83,1989520000,2355.83
09/17/10,2318.42,2320.37,2301.82,2315.61,2432480000,2315.61
09/16/10,2297.51,2304.95,2288.71,2303.25,1809280000,2303.25
09/15/10,2283.17,2304.6,2276.32,2301.32,2067130000,2301.32
09/14/10,2281.31,2302.57,2274.57,2289.77,2079030000,2289.77
09/13/10,2263.8,2289.49,2263.69,2285.71,1937630000,2285.71
09/10/10,2239.08,2246.6,2229.12,2242.48,1692470000,2242.48
09/09/10,2251.09,2251.98,2229.8,2236.2,1706650000,2236.2
09/08/10,2216.07,2237.42,2215.9,2228.87,2018210000,2228.87
09/07/10,2227.26,2231.28,2206.62,2208.89,1685240000,2208.89
09/03/10,2227.96,2235.57,2213.56,2233.75,1647790000,2233.75
09/02/10,2178.99,2200.01,2173.71,2200.01,1680590000,2200.01
09/01/10,2142.75,2177.5,2141.95,2176.84,2133970000,2176.84
08/31/10,2109.76,2128.9,2101.52,2114.03,2084110000,2114.03
08/30/10,2145.76,2154.47,2119.93,2119.97,1585200000,2119.97
08/27/10,2134.16,2154.99,2099.29,2153.63,2134550000,2153.63
08/26/10,2148.49,2154.32,2116.82,2118.69,1804510000,2118.69
08/25/10,2109.15,2148.35,2102.26,2141.54,2019480000,2141.54
08/24/10,2131,2144.2,2113.71,2123.76,2141650000,2123.76
08/23/10,2188.34,2200.52,2159.44,2159.63,1665900000,2159.63
08/20/10,2172.26,2182.67,2159.54,2179.76,1898500000,2179.76
08/19/10,2204.8,2211.73,2168.74,2178.95,2094800000,2178.95
08/18/10,2205.3,2228.9,2196.11,2215.7,1654560000,2215.7
08/17/10,2197.09,2225.08,2193.42,2209.44,1736870000,2209.44
08/16/10,2161.31,2193.84,2155.66,2181.87,1627620000,2181.87
08/13/10,2183.09,2190.27,2173.48,2173.48,1605040000,2173.48
08/12/10,2164.64,2197.97,2163.07,2190.27,2189680000,2190.27
08/11/10,2236.93,2236.93,2204.94,2208.63,2274460000,2208.63
08/10/10,2280.06,2290.51,2261.5,2277.17,2039590000,2277.17
08/09/10,2298.81,2309.43,2289.03,2305.69,1614580000,2305.69
08/06/10,2267.42,2291.15,2253.92,2288.47,1876630000,2288.47
08/05/10,2291.22,2298.86,2281.68,2293.06,1774300000,2293.06
08/04/10,2291.09,2305.07,2283.21,2303.57,2021980000,2303.57
08/03/10,2291.75,2295.03,2272.33,2283.52,1997030000,2283.52
08/02/10,2283.32,2299.24,2274.27,2295.36,1953200000,2295.36
07/30/10,2227.29,2264.81,2218.61,2254.7,2138610000,2254.7
07/29/10,2279.07,2282.94,2228.52,2251.69,2324590000,2251.69
07/28/10,2284.62,2292.24,2257.76,2264.56,1848520000,2264.56
07/27/10,2306.62,2307.6,2280.72,2288.25,2065390000,2288.25
07/26/10,2271.62,2296.43,2262.96,2296.43,2164280000,2296.43
07/23/10,2234.34,2269.47,2227.5,2269.47,2410600000,2269.47
07/22/10,2216.04,2251.42,2216.04,2245.89,2213220000,2245.89
07/21/10,2236.13,2236.37,2183.22,2187.33,2222030000,2187.33
07/20/10,2165.35,2222.61,2159.95,2222.49,1933270000,2222.49
07/19/10,2185.81,2201.29,2171.2,2198.23,1735090000,2198.23
07/16/10,2231.71,2236.66,2177.51,2179.05,2195150000,2179.05
07/15/10,2247.76,2253.33,2218.92,2249.08,2011600000,2249.08
07/14/10,2246.99,2260.33,2235.15,2249.84,2213010000,2249.84
07/13/10,2221.25,2248.16,2212.97,2242.03,2278480000,2242.03
07/12/10,2194.12,2213.39,2183.52,2198.36,1767970000,2198.36
07/09/10,2174.2,2196.95,2170.76,2196.45,1592610000,2196.45
07/08/10,2174.96,2181.3,2150.19,2175.4,2034030000,2175.4
07/07/10,2099.66,2159.79,2098.11,2159.47,2199500000,2159.47
07/06/10,2122.28,2136.3,2077.77,2093.88,2173030000,2093.88
07/02/10,2105.5,2110.66,2077.71,2091.79,1672320000,2091.79
07/01/10,2110.75,2117.94,2061.14,2101.36,2717070000,2101.36
06/30/10,2134.03,2153.36,2105.26,2109.24,2221560000,2109.24
06/29/10,2183.92,2185.3,2122.67,2135.18,2827090000,2135.18
06/28/10,2227.43,2241.64,2208.37,2220.65,1876740000,2220.65
06/25/10,2224.73,2240.88,2205.92,2223.48,3540350000,2223.48
06/24/10,2246.2,2247.42,2213.5,2217.42,2064360000,2217.42
06/23/10,2264.41,2271.74,2236.99,2254.23,1929450000,2254.23
06/22/10,2296.83,2313.72,2259.59,2261.8,1934450000,2261.8
06/21/10,2341.11,2341.11,2277.73,2289.09,1910700000,2289.09
06/18/10,2308.94,2321.99,2301.48,2309.8,2037230000,2309.8
06/17/10,2316.59,2318.27,2288.59,2307.16,1821680000,2307.16
06/16/10,2293.56,2317.75,2290.26,2305.93,1936400000,2305.93
06/15/10,2256.48,2307.98,2256.44,2305.88,2289060000,2305.88
06/14/10,2263.66,2278.96,2242,2243.96,1951910000,2243.96
06/11/10,2199.4,2243.6,2196.91,2243.6,1877120000,2243.6
06/10/10,2188.71,2219.65,2185.98,2218.71,2187840000,2218.71
06/09/10,2184.78,2208.65,2152.67,2158.85,2325060000,2158.85
06/08/10,2176.07,2183.1,2139.46,2170.57,2696580000,2170.57
06/07/10,2226.6,2232.89,2172.25,2173.9,2256670000,2173.9
06/04/10,2257.05,2278.58,2212.3,2219.17,2342480000,2219.17
06/03/10,2285.76,2307.47,2274.88,2303.03,2249050000,2303.03
06/02/10,2234.59,2281.07,2221.07,2281.07,2190140000,2281.07
06/01/10,2244.79,2277.39,2220.89,2222.33,2167810000,2222.33
05/28/10,2275.19,2277.1,2241.52,2257.04,2165590000,2257.04
05/27/10,2244.82,2278.37,2239.72,2277.68,2408220000,2277.68
05/26/10,2226.24,2257.33,2190.44,2195.88,3077300000,2195.88
05/25/10,2157.45,2211.94,2140.53,2210.95,2946380000,2210.95
05/24/10,2220.6,2244.67,2212.37,2213.55,2150020000,2213.55
05/21/10,2169.58,2243,2165.79,2229.04,3389670000,2229.04
05/20/10,2245.56,2253.04,2203.5,2204.01,3420420000,2204.01
05/19/10,2307.78,2324.99,2270.62,2298.37,2646160000,2298.37
05/18/10,2372.84,2374.91,2309.22,2317.26,2490310000,2317.26
05/17/10,2352.77,2364.65,2304.28,2354.23,2434480000,2354.23
05/14/10,2373.88,2374.53,2323.63,2346.85,2653020000,2346.85
05/13/10,2416.36,2434.29,2387.59,2394.36,2375250000,2394.36
05/12/10,2388.64,2426.47,2384.69,2425.02,2351900000,2425.02
05/11/10,2347.7,2405.26,2345.5,2375.31,2548840000,2375.31
05/10/10,2365.97,2379.87,2349.4,2374.67,2871800000,2374.67
05/07/10,2308.71,2330.65,2228.06,2265.64,4227720000,2265.64
05/06/10,2391.21,2407.79,2185.75,2319.64,4553600000,2319.64
05/05/10,2395.21,2421.05,2382.07,2402.29,3041480000,2402.29
05/04/10,2465.55,2465.55,2411.28,2424.25,3052590000,2424.25
05/03/10,2472.32,2503,2472.32,2498.74,2398370000,2498.74
04/30/10,2509.99,2514.37,2461.09,2461.19,2841130000,2461.19
04/29/10,2487.33,2513.69,2483.5,2511.92,3069640000,2511.92
04/28/10,2483.03,2484.15,2456.63,2471.73,2755190000,2471.73
04/27/10,2512.58,2525.7,2466.53,2471.47,2864810000,2471.47
04/26/10,2529.85,2535.28,2521.51,2522.95,2491040000,2522.95
04/23/10,2514.85,2530.15,2507.6,2530.15,2517010000,2530.15
04/22/10,2483.52,2521.02,2468.26,2519.07,2800840000,2519.07
04/21/10,2506.61,2510.5,2490.19,2504.61,2715900000,2504.61
04/20/10,2492.72,2501.25,2480.7,2500.31,2157100000,2500.31
04/19/10,2477.8,2487.67,2451.72,2480.11,2223650000,2480.11
04/16/10,2505.38,2510.06,2467.68,2481.26,2960950000,2481.26
04/15/10,2503.41,2517.82,2502.51,2515.69,2840660000,2515.69
04/14/10,2481.8,2504.86,2480.43,2504.86,3143270000,2504.86
04/13/10,2454.95,2467.94,2445.26,2465.99,2665420000,2465.99
04/12/10,2455.4,2463.17,2450.15,2457.87,2161650000,2457.87
04/09/10,2441.31,2454.12,2432.93,2454.05,2215530000,2454.05
04/08/10,2423.99,2441.12,2413.74,2436.81,2428900000,2436.81
04/07/10,2433.1,2442.27,2418.73,2431.16,2984850000,2431.16
04/06/10,2420.33,2443.5,2417.77,2436.81,2220390000,2436.81
04/05/10,2409.48,2429.61,2403.88,2429.53,2130340000,2429.53
04/01/10,2411.68,2423.43,2383.77,2402.58,2340270000,2402.58
03/31/10,2402.98,2415.44,2395.34,2397.96,2368690000,2397.96
03/30/10,2406.69,2417.36,2395.8,2410.69,2147270000,2410.69
03/29/10,2403.77,2411.18,2398.4,2404.36,1967850000,2404.36
03/26/10,2406.73,2412.92,2384.69,2395.13,2367930000,2395.13
03/25/10,2415.24,2432.25,2397.36,2397.41,2704870000,2397.41
03/24/10,2406.72,2408.64,2396.92,2398.76,2436100000,2398.76
03/23/10,2397.9,2416.51,2390.04,2415.24,2465230000,2415.24
03/22/10,2360.35,2401.21,2358,2395.4,2448130000,2395.4
03/19/10,2391.2,2396.92,2364.53,2374.41,3055760000,2374.41
03/18/10,2387.54,2393.87,2383.26,2391.28,2173060000,2391.28
03/17/10,2381.65,2400.09,2381.47,2389.09,2281410000,2389.09
03/16/10,2367.32,2378.84,2360.67,2378.01,2201880000,2378.01
03/15/10,2361.92,2367.4,2345.99,2362.21,1956170000,2362.21
03/12/10,2376.07,2376.28,2358.08,2367.66,2098780000,2367.66
03/11/10,2351.11,2368.46,2347.53,2368.46,2256790000,2368.46
03/10/10,2340.95,2361.66,2340.69,2358.95,2554740000,2358.95
03/09/10,2325.78,2353.07,2325.74,2340.68,2620360000,2340.68
03/08/10,2326.25,2335.43,2326.11,2332.21,2312310000,2332.21
03/05/10,2304.01,2327.03,2301.1,2326.35,2411880000,2326.35
03/04/10,2282.57,2293.16,2273.63,2292.31,2186020000,2292.31
03/03/10,2284.82,2293.32,2275.25,2280.68,2603510000,2280.68
03/02/10,2279.07,2292.49,2275.35,2280.79,2831870000,2280.79
03/01/10,2247.4,2274.02,2247.33,2273.57,2504940000,2273.57
02/26/10,2234.44,2242.83,2222.23,2238.26,2283430000,2238.26
02/25/10,2208.62,2236.21,2198.73,2234.22,2300530000,2234.22
02/24/10,2222.4,2241.69,2221.28,2235.9,2155810000,2235.9
02/23/10,2238.01,2239.8,2205.7,2213.44,2310910000,2213.44
02/22/10,2250.92,2251.68,2235.65,2242.03,1976290000,2242.03
02/19/10,2233.33,2249.8,2228.93,2243.87,2166660000,2243.87
02/18/10,2223.22,2243.5,2221.14,2241.71,2076820000,2241.71
02/17/10,2222.87,2226.32,2212.78,2226.29,2103530000,2226.29
02/16/10,2200.38,2214.19,2189.18,2214.19,2072850000,2214.19
02/12/10,2157.69,2184.57,2151.99,2183.53,2236180000,2183.53
02/11/10,2145.09,2179.54,2134.14,2177.41,2141260000,2177.41
02/10/10,2147.46,2156.36,2131.08,2147.87,2059940000,2147.87
02/09/10,2153.1,2166.16,2132.58,2150.87,2296420000,2150.87
02/08/10,2140.1,2152.64,2125.11,2126.05,2036280000,2126.05
02/05/10,2131.92,2142.27,2100.17,2141.12,2811100000,2141.12
02/04/10,2176.39,2178.25,2125.43,2125.43,2801390000,2125.43
02/03/10,2181.01,2194.53,2176.75,2190.91,2303350000,2190.91
02/02/10,2171.66,2193.66,2161.47,2190.06,2468470000,2190.06
02/01/10,2155.81,2171.2,2152.26,2171.2,2234140000,2171.2
01/29/10,2198.26,2202.84,2140.34,2147.35,3090580000,2147.35
01/28/10,2220.31,2220.87,2166.9,2179,2829640000,2179
01/27/10,2200.3,2225.67,2192.59,2221.41,2492880000,2221.41
01/26/10,2203.44,2227.89,2195.44,2203.73,2361260000,2203.73
01/25/10,2220.29,2223.22,2201.17,2210.8,2134350000,2210.8
01/22/10,2255.76,2262.27,2200.37,2205.29,2817620000,2205.29
01/21/10,2298.23,2308.98,2259.82,2265.7,2877800000,2265.7
01/20/10,2304.31,2304.47,2268.68,2291.25,2351890000,2291.25
01/19/10,2291.02,2320.4,2290.68,2320.4,2045290000,2320.4
01/15/10,2316.98,2322.54,2279.2,2287.99,2637770000,2287.99
01/14/10,2303.31,2322.56,2303.29,2316.74,2254170000,2316.74
01/13/10,2289.46,2313.03,2274.12,2307.9,2318350000,2307.9
01/12/10,2297.28,2298.85,2272.7,2282.31,2368320000,2282.31
01/11/10,2324.78,2326.28,2302.21,2312.41,2077890000,2312.41
01/08/10,2292.24,2317.6,2290.61,2317.17,2145390000,2317.17
01/07/10,2298.09,2301.3,2285.22,2300.05,2270050000,2300.05
01/06/10,2307.71,2314.07,2295.68,2301.09,2253340000,2301.09
01/05/10,2307.27,2313.73,2295.62,2308.71,2367860000,2308.71
01/04/10,2294.41,2311.15,2294.41,2308.42,1931380000,2308.42
12/31/09,2292.92,2293.59,2269.11,2269.15,1237820000,2269.15
12/30/09,2284.56,2293.02,2280.16,2291.28,1312670000,2291.28
12/29/09,2293.94,2294.75,2286.57,2288.4,1177710000,2288.4
12/28/09,2290.04,2295.8,2280.56,2291.08,1232130000,2291.08
12/24/09,2273.95,2285.89,2273.4,2285.69,632650000,2285.69
12/23/09,2257.21,2271.33,2253.67,2269.64,1582900000,2269.64
12/22/09,2242.61,2253.73,2241.33,2252.67,1724200000,2252.67
12/21/09,2224.04,2242.22,2224.04,2237.66,1808830000,2237.66
12/18/09,2197.57,2213.18,2190.69,2211.69,2848410000,2211.69
12/17/09,2193.5,2198.51,2178.05,2180.05,1904840000,2180.05
12/16/09,2210.35,2220.46,2203.33,2206.91,2022440000,2206.91
12/15/09,2203.54,2217.63,2197.76,2201.05,1946960000,2201.05
12/14/09,2202.31,2212.56,2193.2,2212.1,1841890000,2212.1
12/11/09,2200.96,2202.4,2179.51,2190.31,1754430000,2190.31
12/10/09,2194.9,2202.84,2187.08,2190.86,1946370000,2190.86
12/09/09,2170.02,2185.7,2155.96,2183.73,1906210000,2183.73
12/08/09,2174.72,2187.19,2160.43,2172.99,1981800000,2172.99
12/07/09,2191.35,2201.42,2183.13,2189.61,1878980000,2189.61
12/04/09,2203.75,2214.39,2169.66,2194.35,2305950000,2194.35
12/03/09,2190.42,2203.75,2172.04,2173.14,2001660000,2173.14
12/02/09,2178.51,2198.55,2177.82,2185.03,2068920000,2185.03
12/01/09,2162.23,2182.24,2162.23,2175.81,2151300000,2175.81
11/30/09,2135.93,2146.93,2120.7,2144.6,1986050000,2144.6
11/27/09,2115.96,2155.41,2113.99,2138.44,971990000,2138.44
11/25/09,2174,2178.62,2170.06,2176.05,1398610000,2176.05
11/24/09,2174.69,2175.15,2155.22,2169.18,1858490000,2169.18
11/23/09,2168.95,2189.5,2168.77,2176.01,1840170000,2176.01
11/20/09,2145.07,2150.08,2137.06,2146.04,1962760000,2146.04
11/19/09,2176.37,2176.51,2141.59,2156.82,2208700000,2156.82
11/18/09,2199.87,2200.15,2180.17,2193.14,1990220000,2193.14
11/17/09,2190.12,2203.78,2185.55,2203.78,1887240000,2203.78
11/16/09,2177.31,2205.32,2177,2197.85,2105020000,2197.85
11/13/09,2156.68,2172.05,2145.92,2167.88,1876220000,2167.88
11/12/09,2166.98,2179.19,2145.83,2149.02,2212370000,2149.02
11/11/09,2166.53,2177.91,2155.25,2166.9,1851790000,2166.9
11/10/09,2147.24,2160.64,2141.27,2151.08,1997240000,2151.08
11/09/09,2128.46,2154.06,2128.15,2154.06,2004700000,2154.06
11/06/09,2089.49,2117.62,2088.24,2112.44,1829150000,2112.44
11/05/09,2078.83,2105.32,2075.61,2105.32,2209690000,2105.32
11/04/09,2067.56,2081.1,2053,2055.52,2217520000,2055.52
11/03/09,2034.09,2057.32,2031.25,2057.32,2061050000,2057.32
11/02/09,2047.42,2069.49,2024.27,2049.2,2408320000,2049.2
10/30/09,2091.56,2095.09,2040.21,2045.11,2610280000,2045.11
10/29/09,2077.04,2101.33,2071.3,2097.55,2301370000,2097.55
10/28/09,2103.36,2111.84,2057.4,2059.61,2769570000,2059.61
10/27/09,2144.15,2148.88,2110.91,2116.09,2384620000,2116.09
10/26/09,2158.81,2183.61,2136.92,2141.85,2316210000,2141.85
10/23/09,2186.64,2190.48,2149.35,2154.47,2441920000,2154.47
10/22/09,2146.72,2169.17,2130.7,2165.29,2265230000,2165.29
10/21/09,2160.78,2190.64,2148.41,2150.73,2565680000,2150.73
10/20/09,2180.43,2181.16,2151.77,2163.47,2110580000,2163.47
10/19/09,2162.41,2180.11,2150.42,2176.32,1970440000,2176.32
10/16/09,2164.73,2164.73,2142.88,2156.8,2209950000,2156.8
10/15/09,2164.33,2173.29,2158.29,2173.29,2140090000,2173.29
10/14/09,2165.83,2173.95,2157.48,2172.23,2348620000,2172.23
10/13/09,2138.7,2146.35,2128.44,2139.89,2020110000,2139.89
10/12/09,2145.63,2155.92,2128.39,2139.14,1784280000,2139.14
10/09/09,2120,2139.62,2118.04,2139.28,1936850000,2139.28
10/08/09,2124.69,2139.65,2116.06,2123.93,2366950000,2123.93
10/07/09,2099.06,2110.33,2095.94,2110.33,2220910000,2110.33
10/06/09,2080.4,2111.13,2079.49,2103.57,2413450000,2103.57
10/05/09,2056.52,2074.78,2049.04,2068.15,2156250000,2068.15
10/02/09,2040.84,2064.15,2040.73,2048.11,2448110000,2048.11
10/01/09,2111.77,2112.9,2057.48,2057.48,2708170000,2057.48
09/30/09,2131.3,2137.87,2092.3,2122.42,2640660000,2122.42
09/29/09,2131.67,2141.4,2116.63,2124.04,2062970000,2124.04
09/28/09,2101.92,2140.04,2101.43,2130.74,1890030000,2130.74
09/25/09,2095.84,2106.99,2085.35,2090.92,2363930000,2090.92
09/24/09,2140.06,2142.49,2097.1,2107.61,2607280000,2107.61
09/23/09,2152.43,2167.7,2130.34,2131.42,2683250000,2131.42
09/22/09,2150.02,2150.68,2137.39,2146.3,2490480000,2146.3
09/21/09,2121.34,2142.41,2118.48,2138.04,2408860000,2138.04
09/18/09,2134.85,2138.82,2120.7,2132.86,3023010000,2132.86
09/17/09,2129.42,2140.6,2118.5,2126.75,2615780000,2126.75
09/16/09,2110.06,2133.15,2102.86,2133.15,2707080000,2133.15
09/15/09,2090.33,2106.93,2086.16,2102.64,2372990000,2102.64
09/14/09,2066.15,2091.78,2065.8,2091.78,2157600000,2091.78
09/11/09,2083.34,2088.93,2070.02,2080.9,2318050000,2080.9
09/10/09,2059.48,2084.02,2055.49,2084.02,2451330000,2084.02
09/09/09,2038.92,2066.34,2033.47,2060.39,2493930000,2060.39
09/08/09,2034.74,2038.63,2023.03,2037.77,2037180000,2037.77
09/04/09,1986.98,2018.92,1982.05,2018.78,1722150000,2018.78
09/03/09,1975.85,1983.37,1958.04,1983.2,1853450000,1983.2
09/02/09,1960.07,1976.35,1958.51,1967.07,1974330000,1967.07
09/01/09,2001.3,2034.78,1965.48,1968.89,2778570000,1968.89
08/31/09,2011.14,2013.65,1997.53,2009.06,2256210000,2009.06
08/28/09,2050.53,2059.48,2017.42,2028.77,2340180000,2028.77
08/27/09,2021.31,2029.27,1993.03,2027.73,2140540000,2027.73
08/26/09,2021.3,2034.31,2013.52,2024.43,2037560000,2024.43
08/25/09,2025.59,2040.59,2019.17,2024.23,1936980000,2024.23
08/24/09,2026.11,2036.03,2012,2017.98,2046370000,2017.98
08/21/09,2000.15,2021.86,1994.33,2020.9,2259140000,2020.9
08/20/09,1967.57,1992.22,1965.69,1989.22,1958470000,1989.22
08/19/09,1933.39,1972.32,1931.91,1969.24,1977750000,1969.24
08/18/09,1940.55,1958.71,1935.33,1955.92,1749420000,1955.92
08/17/09,1949.23,1949.23,1929.64,1930.84,1924190000,1930.84
08/14/09,2005.79,2006.73,1969.68,1985.52,1923410000,1985.52
08/13/09,2009.27,2013.43,1986.87,2009.35,2084370000,2009.35
08/12/09,1970.95,2015.26,1970.25,1998.72,2140190000,1998.72
08/11/09,1985.06,1986.85,1962.08,1969.73,1915530000,1969.73
08/10/09,1991.44,1999.55,1979.39,1992.24,1844700000,1992.24
08/07/09,1997,2012.33,1984.5,2000.25,2323980000,2000.25
08/06/09,1999.21,2004.37,1967.68,1973.16,2408400000,1973.16
08/05/09,2014.45,2014.45,1980.68,1993.05,2353550000,1993.05
08/04/09,1996.38,2015.59,1993.74,2011.31,2235010000,2011.31
08/03/09,1998.35,2008.61,1985.88,2008.61,2155720000,2008.61
07/31/09,1980.72,1995.05,1977.65,1978.5,2190380000,1978.5
07/30/09,1986.21,2009.81,1980.08,1984.3,2525670000,1984.3
07/29/09,1965.32,1970.65,1953.36,1967.76,2072650000,1967.76
07/28/09,1957.26,1978.43,1947.89,1975.51,2206850000,1975.51
07/27/09,1964.62,1971.38,1946.95,1967.89,2141690000,1967.89
07/24/09,1943.23,1966.26,1937.64,1965.96,2232920000,1965.96
07/23/09,1924.96,1979.34,1924.77,1973.6,3021430000,1973.6
07/22/09,1908.83,1934.61,1907.25,1926.38,2306340000,1926.38
07/21/09,1917.39,1917.46,1892.17,1916.2,2205230000,1916.2
07/20/09,1896.99,1909.89,1890,1909.29,2046350000,1909.29
07/17/09,1880.31,1887.34,1873.81,1886.61,1876760000,1886.61
07/16/09,1856.05,1887.89,1854.7,1885.03,2072730000,1885.03
07/15/09,1827.61,1863.29,1824.31,1862.9,2543340000,1862.9
07/14/09,1790.7,1800.73,1782.85,1799.73,1856910000,1799.73
07/13/09,1761.03,1793.21,1736.95,1793.21,1899410000,1793.21
07/10/09,1744.61,1764.11,1738.26,1756.03,1658010000,1756.03
07/09/09,1756.97,1763.63,1747.44,1752.55,1868280000,1752.55
07/08/09,1756,1757.67,1727.05,1747.17,2467520000,1747.17
07/07/09,1787.44,1788.97,1745.38,1746.17,2027240000,1746.17
07/06/09,1783.5,1793.42,1770.11,1787.4,1970530000,1787.4
07/02/09,1823.69,1823.91,1795.95,1796.52,1923070000,1796.52
07/01/09,1846.12,1861.62,1843.79,1845.72,1971050000,1845.72
06/30/09,1845.47,1854.69,1824.95,1835.04,2044980000,1835.04
06/29/09,1842.09,1854.09,1825.03,1844.06,1981450000,1844.06
06/26/09,1819.16,1840.98,1816.84,1838.22,3989940000,1838.22
06/25/09,1783.19,1829.67,1779.18,1829.54,2227980000,1829.54
06/24/09,1780.88,1807.08,1780.25,1792.34,2150570000,1792.34
06/23/09,1771.42,1777.58,1753.78,1764.92,2152480000,1764.92
06/22/09,1809.53,1810.58,1765.85,1766.19,2318970000,1766.19
06/19/09,1824.99,1837.58,1817.07,1827.47,2864420000,1827.47
06/18/09,1809.04,1816.6,1795.74,1807.72,2067830000,1807.72
06/17/09,1799.22,1824.2,1785.34,1808.06,2523180000,1808.06
06/16/09,1825.2,1831.18,1795.55,1796.18,2227700000,1796.18
06/15/09,1837.94,1838.33,1803.07,1816.38,2154700000,1816.38
06/12/09,1852.43,1858.8,1833.39,1858.8,2013560000,1858.8
06/11/09,1854.75,1879.92,1854.75,1862.37,2463860000,1862.37
06/10/09,1872.01,1872.7,1827.61,1853.08,2347870000,1853.08
06/09/09,1850.48,1869.52,1846.26,1860.13,2140370000,1860.13
06/08/09,1836.87,1857.8,1818.59,1842.4,1972980000,1842.4
06/05/09,1864.02,1865.95,1834.63,1849.42,2310590000,1849.42
06/04/09,1829.84,1850.04,1825.62,1850.02,2468840000,1850.02
06/03/09,1825.6,1828.09,1806.51,1825.92,2246950000,1825.92
06/02/09,1821.22,1846.65,1815.83,1836.8,2611690000,1836.8
06/01/09,1796.09,1833.18,1792.8,1828.68,2600340000,1828.68
05/29/09,1756.26,1774.33,1742.99,1774.33,2465310000,1774.33
05/28/09,1744.23,1754.95,1714.48,1751.79,2189090000,1751.79
05/27/09,1745.56,1768.22,1728.96,1731.08,2118100000,1731.08
05/26/09,1677.72,1751.47,1677.54,1750.43,2095650000,1750.43
05/22/09,1702.06,1711.98,1682.24,1692.01,1619520000,1692.01
05/21/09,1709.83,1719.58,1677.77,1695.25,2206610000,1695.25
05/20/09,1743.6,1767.47,1722.32,1727.84,2261780000,1727.84
05/19/09,1727,1750.05,1719.92,1734.54,2076390000,1734.54
05/18/09,1696.82,1732.36,1689.55,1732.36,2023250000,1732.36
05/15/09,1687.49,1703.45,1676.56,1680.14,2057500000,1680.14
05/14/09,1672.48,1701.22,1667.94,1689.21,2162620000,1689.21
05/13/09,1696.8,1697.76,1664.19,1664.19,2356410000,1664.19
05/12/09,1742.86,1743.52,1695.87,1715.92,2475150000,1715.92
05/11/09,1713.65,1747.97,1705.87,1731.24,2543450000,1731.24
05/08/09,1733.5,1747.41,1711.01,1739,3206310000,1739
05/07/09,1772.1,1773.13,1702.54,1716.24,3299360000,1716.24
05/06/09,1768.69,1770.29,1730.97,1759.1,2966510000,1759.1
05/05/09,1757.26,1759.42,1735.37,1754.12,2538290000,1754.12
05/04/09,1733.71,1763.56,1729.31,1763.56,2524800000,1763.56
05/01/09,1719.29,1728.1,1703.52,1719.2,2165930000,1719.2
04/30/09,1732.47,1753.61,1710.07,1717.3,2871300000,1717.3
04/29/09,1688.66,1726.69,1687.29,1711.94,2385720000,1711.94
04/28/09,1668.26,1690.06,1661.4,1673.81,2080410000,1673.81
04/27/09,1672.87,1700.53,1670.49,1679.41,2203700000,1679.41
04/24/09,1666.43,1702.87,1657.49,1694.29,2547150000,1694.29
04/23/09,1651.47,1654.85,1625.88,1652.21,2463500000,1652.21
04/22/09,1630.14,1679.82,1624.73,1646.12,2657480000,1646.12
04/21/09,1599.03,1643.85,1598.93,1643.85,2422990000,1643.85
04/20/09,1641.35,1643.32,1606.86,1608.21,3061850000,1608.21
04/17/09,1665.6,1682.24,1653.84,1673.07,2418440000,1673.07
04/16/09,1645.52,1676.17,1628.08,1670.44,2390620000,1670.44
04/15/09,1613.56,1627.72,1599.11,1626.8,2042600000,1626.8
04/14/09,1637.5,1651.28,1618.04,1625.72,2253650000,1625.72
04/13/09,1641.61,1660.83,1630.54,1653.31,1824530000,1653.31
04/09/09,1618.83,1652.54,1616.25,1652.54,2165450000,1652.54
04/08/09,1576.93,1595.97,1567.22,1590.66,1837900000,1590.66
04/07/09,1585.58,1588,1559.46,1561.61,1854700000,1561.61
04/06/09,1602.24,1607.6,1580.65,1606.71,1998090000,1606.71
04/03/09,1609.05,1621.87,1593.05,1621.87,2113380000,1621.87
04/02/09,1579.97,1623.34,1576.82,1602.63,2833600000,1602.63
04/01/09,1504.87,1553.03,1498.54,1551.6,2256580000,1551.6
03/31/09,1518.7,1554.47,1518.01,1528.59,2157410000,1528.59
03/30/09,1516.79,1517.06,1484.98,1501.8,2020200000,1501.8
03/27/09,1564.12,1569.21,1543.43,1545.2,2071670000,1545.2
03/26/09,1549.4,1587,1545.21,1587,2535050000,1587
03/25/09,1527.59,1554.25,1487.94,1528.95,2431180000,1528.95
03/24/09,1535.68,1546.21,1515.63,1516.52,2009530000,1516.52
03/23/09,1491.26,1555.77,1482.15,1555.77,2172590000,1555.77
03/20/09,1488.15,1501.78,1448.78,1457.27,2394470000,1457.27
03/19/09,1509.06,1509.06,1475.49,1483.48,2323510000,1483.48
03/18/09,1454.44,1507.4,1448.67,1491.22,2764950000,1491.22
03/17/09,1409.67,1462.11,1405.32,1462.11,2073230000,1462.11
03/16/09,1445.27,1445.27,1402.48,1404.02,2099460000,1404.02
03/13/09,1427.03,1433.98,1408.26,1431.5,2022170000,1431.5
03/12/09,1367.78,1427.55,1355.05,1426.1,2392770000,1426.1
03/11/09,1364.8,1385.29,1352.6,1371.64,2169050000,1371.64
03/10/09,1288.95,1358.28,1288.95,1358.28,2359730000,1358.28
03/09/09,1284.84,1316.15,1265.52,1268.64,2037130000,1268.64
03/06/09,1310.59,1320.51,1268.54,1293.85,2443820000,1293.85
03/05/09,1332.38,1342.86,1298.33,1299.59,2325840000,1299.59
03/04/09,1340.38,1370.29,1333.88,1353.74,2305180000,1353.74
03/03/09,1341.42,1346.88,1312.98,1321.01,2338880000,1321.01
03/02/09,1356.13,1372,1322.13,1322.85,2033110000,1322.85
02/27/09,1376.56,1401.97,1372.42,1377.84,2393280000,1377.84
02/26/09,1436.85,1444.83,1391.47,1391.47,2301990000,1391.47
02/25/09,1428.76,1453.66,1404.54,1425.43,2345380000,1425.43
02/24/09,1399.37,1445.07,1395.11,1441.83,2339660000,1441.83
02/23/09,1452.58,1452.58,1386.68,1387.72,1977740000,1387.72
02/20/09,1427.03,1454.39,1416.96,1441.23,2526040000,1441.23
02/19/09,1478.55,1485.14,1442.53,1442.82,1991000000,1442.82
02/18/09,1480.65,1487.92,1454.46,1467.97,2029710000,1467.97
02/17/09,1489.12,1492.82,1467.79,1470.66,2335370000,1470.66
02/13/09,1539.72,1552.57,1530.05,1534.36,1990190000,1534.36
02/12/09,1510.17,1542.51,1495.34,1541.71,2428250000,1541.71
02/11/09,1531.58,1542.84,1509.35,1530.5,2236450000,1530.5
02/10/09,1578.02,1598.5,1520.56,1524.73,2443370000,1524.73
02/09/09,1590.74,1598.23,1576.1,1591.56,1906940000,1591.56
02/06/09,1547,1594.26,1545.85,1591.71,2389530000,1591.71
02/05/09,1498.59,1554.37,1495.52,1546.24,2511750000,1546.24
02/04/09,1517.19,1549.64,1508.87,1515.05,2197050000,1515.05
02/03/09,1499.59,1521.21,1479.42,1516.3,2049840000,1516.3
02/02/09,1460.85,1502.72,1460.51,1494.43,1987080000,1494.43
01/30/09,1519.46,1523.45,1472.51,1476.42,2054590000,1476.42
01/29/09,1537.47,1537.84,1505.7,1507.84,1932100000,1507.84
01/28/09,1530.48,1568.33,1530.03,1558.34,2122250000,1558.34
01/27/09,1494.12,1513.21,1488.81,1504.9,1784110000,1504.9
01/26/09,1479.98,1514.38,1470.81,1489.46,1815400000,1489.46
01/23/09,1440.78,1495.27,1434.08,1477.29,2210840000,1477.29
01/22/09,1470.85,1492.47,1444.08,1465.49,2286190000,1465.49
01/21/09,1466.4,1507.52,1444.9,1507.07,2120080000,1507.07
01/20/09,1520.76,1521.85,1440.86,1440.86,1989610000,1440.86
01/16/09,1532.47,1538.82,1490.35,1529.33,2235070000,1529.33
01/15/09,1489.46,1521.58,1456.72,1511.84,2507870000,1511.84
01/14/09,1521.71,1528.65,1485.26,1489.64,1919980000,1489.64
01/13/09,1537.42,1557.95,1527.47,1546.46,1965570000,1546.46
01/12/09,1573.45,1573.46,1528,1538.79,1763590000,1538.79
01/09/09,1617.05,1617.26,1569.87,1571.59,1907390000,1571.59
01/08/09,1590.25,1617.01,1584.28,1617.01,1968160000,1617.01
01/07/09,1621.63,1625.37,1588.2,1599.06,2020170000,1599.06
01/06/09,1642.37,1665.63,1636.25,1652.38,2137640000,1652.38
01/05/09,1621.48,1640.46,1604.63,1628.03,1816580000,1628.03
01/02/09,1578.87,1636.03,1571.98,1632.21,1438410000,1632.21
12/31/08,1550.87,1586.81,1548.88,1577.03,1521220000,1577.03
12/30/08,1521.18,1550.7,1517.26,1550.7,1374180000,1550.7
12/29/08,1529.54,1530.92,1493.45,1510.32,1186240000,1510.32
12/26/08,1531.2,1532.13,1518.97,1530.24,592760000,1530.24
12/24/08,1525.15,1527.23,1516.15,1524.9,490990000,1524.9
12/23/08,1539.37,1548.44,1512.54,1521.54,1331050000,1521.54
12/22/08,1562.17,1563.79,1503.66,1532.35,1629320000,1532.35
12/19/08,1572.75,1593.35,1557.05,1564.32,2651440000,1564.32
12/18/08,1583.17,1591.7,1535.38,1552.37,2092320000,1552.37
12/17/08,1568.88,1598.33,1560.05,1579.31,2111370000,1579.31
12/16/08,1526.06,1589.89,1526,1589.89,2180960000,1589.89
12/15/08,1544.16,1544.16,1491.36,1508.34,1677890000,1508.34
12/12/08,1482.55,1543.04,1478.03,1540.72,1869900000,1540.72
12/11/08,1548.47,1568.61,1501.7,1507.88,2018190000,1507.88
12/10/08,1563.66,1584.16,1542.08,1565.48,1955600000,1565.48
12/09/08,1546.54,1602.92,1538.25,1547.34,2246470000,1547.34
12/08/08,1541.44,1583.81,1536.71,1571.74,2290810000,1571.74
12/05/08,1426.93,1510.39,1404.8,1509.31,2177720000,1509.31
12/04/08,1465.77,1500.95,1426.41,1445.56,2020110000,1445.56
12/03/08,1416.03,1493.06,1414.04,1492.38,2240150000,1492.38
12/02/08,1423.85,1450.83,1399.88,1449.8,2056730000,1449.8
12/01/08,1496.09,1496.24,1398.07,1398.07,1904470000,1398.07
11/28/08,1517.95,1535.57,1512.41,1535.57,787580000,1535.57
11/26/08,1441.21,1532.1,1441.21,1532.1,1980020000,1532.1
11/25/08,1472.02,1486.22,1430.4,1464.73,2457510000,1464.73
11/24/08,1409.72,1480.41,1397.19,1472.02,2553620000,1472.02
11/21/08,1346.77,1384.35,1295.48,1384.35,3071280000,1384.35
11/20/08,1373.77,1414.43,1314.9,1316.12,3147650000,1316.12
11/19/08,1479.13,1493.05,1386.42,1386.42,2372880000,1386.42
11/18/08,1488.93,1498.42,1429.92,1483.27,2349230000,1483.27
11/17/08,1494.74,1526.96,1481.7,1482.05,1831540000,1482.05
11/14/08,1560.59,1587.76,1513.09,1516.85,2243750000,1516.85
11/13/08,1503.06,1596.7,1428.54,1596.7,3009550000,1596.7
11/12/08,1555.17,1562.78,1499.21,1499.21,2120870000,1499.21
11/11/08,1598.59,1612.42,1563.95,1580.9,1909080000,1580.9
11/10/08,1680.67,1680.67,1603.33,1616.74,1674900000,1616.74
11/07/08,1629.69,1654.25,1615.51,1647.4,1886230000,1647.4
11/06/08,1659.57,1676.92,1603.87,1608.7,2367880000,1608.7
11/05/08,1757.01,1764.43,1679.19,1681.64,2092410000,1681.64
11/04/08,1761.09,1785.84,1739.81,1780.12,2306350000,1780.12
11/03/08,1718.89,1738.53,1713.39,1726.33,1770880000,1726.33
10/31/08,1684.71,1742.54,1673.32,1720.95,2437120000,1720.95
10/30/08,1698.43,1712.56,1658.45,1698.52,2504420000,1698.52
10/29/08,1643.98,1705.51,1622.01,1657.21,2748720000,1657.21
10/28/08,1552.24,1649.47,1504.13,1649.47,2777540000,1649.47
10/27/08,1528.12,1574.54,1503.81,1505.9,2224430000,1505.9
10/24/08,1493.79,1584.27,1493.79,1552.03,2691940000,1552.03
10/23/08,1621.11,1645.5,1533.55,1603.91,3104700000,1603.91
10/22/08,1671.23,1678.71,1587.22,1615.75,2560810000,1615.75
10/21/08,1741.84,1768.54,1695.12,1696.68,2099810000,1696.68
10/20/08,1735.13,1770.05,1698.01,1770.03,2021750000,1770.03
10/17/08,1678.78,1782.58,1670.28,1711.29,2711030000,1711.29
10/16/08,1644.55,1717.72,1565.72,1717.71,3331040000,1717.71
10/15/08,1754.62,1761.23,1628.33,1628.33,2540180000,1628.33
10/14/08,1894.87,1896.95,1752.89,1779.01,2912850000,1779.01
10/13/08,1734.6,1844.25,1715.74,1844.25,2665690000,1844.25
10/10/08,1590.77,1690.77,1542.45,1649.51,4164090000,1649.51
10/09/08,1766.25,1787.41,1634.88,1645.12,2622310000,1645.12
10/08/08,1710.96,1806.89,1706.86,1740.33,3516070000,1740.33
10/07/08,1867.97,1886.35,1754.88,1754.88,2825810000,1754.88
10/06/08,1898.63,1905.01,1777.02,1862.96,3502250000,1862.96
10/03/08,2005.92,2046.81,1947.19,1947.39,2501480000,1947.39
10/02/08,2052.51,2056.43,1975,1976.72,2173750000,1976.72
10/01/08,2075.1,2083.2,2046.06,2069.4,1899330000,2069.4
09/30/08,2033.69,2094.31,2015.93,2091.88,2376240000,2091.88
09/29/08,2147.16,2152.69,1983.73,1983.73,2808100000,1983.73
09/26/08,2144.06,2187.53,2136.85,2183.34,1949200000,2183.34
09/25/08,2172.26,2210.74,2167.06,2186.57,1846330000,2186.57
09/24/08,2167.55,2179.93,2147.36,2155.68,1818170000,2155.68
09/23/08,2190.71,2209.62,2151.77,2153.33,1974180000,2153.33
09/22/08,2265.77,2266.45,2178.98,2178.98,1881160000,2178.98
09/19/08,2303.9,2318.43,2239.73,2273.9,3898230000,2273.9
09/18/08,2137.42,2201.71,2070.22,2199.1,3867290000,2199.1
09/17/08,2177.58,2183.25,2098.85,2098.85,3102010000,2098.85
09/16/08,2149.65,2214.29,2145.17,2207.9,3187630000,2207.9
09/15/08,2202.28,2244.88,2179.91,2179.91,2697820000,2179.91
09/12/08,2239.25,2268.83,2228,2261.27,1973590000,2261.27
09/11/08,2199.03,2259.25,2191.53,2258.22,2269670000,2258.22
09/10/08,2232.21,2247.63,2209.59,2228.7,2250360000,2228.7
09/09/08,2269.93,2285.54,2209.81,2209.81,2590590000,2209.81
09/08/08,2296.18,2303.89,2236.97,2269.76,2566300000,2269.76
09/05/08,2241.62,2264.35,2216.99,2255.88,2261030000,2255.88
09/04/08,2315.18,2317.32,2259.04,2259.04,2332320000,2259.04
09/03/08,2346.81,2357.43,2320.91,2333.73,2062140000,2333.73
09/02/08,2402.11,2413.11,2338.37,2349.24,2010580000,2349.24
08/29/08,2388.67,2393.49,2360.91,2367.52,1559030000,2367.52
08/28/08,2390.11,2412.84,2388.55,2411.64,1582680000,2411.64
08/27/08,2362.86,2395.02,2358.93,2382.46,1540700000,2382.46
08/26/08,2364.31,2377.04,2345.79,2361.97,1256980000,2361.97
08/25/08,2399.73,2399.73,2362.2,2365.59,2366920000,2365.59
08/22/08,2390.34,2417.63,2390.34,2414.71,1365910000,2414.71
08/21/08,2371.54,2387.72,2360.39,2380.38,1562430000,2380.38
08/20/08,2396.58,2408.68,2372.34,2389.08,1746470000,2389.08
08/19/08,2404.95,2410.96,2376.67,2384.36,1716280000,2384.36
08/18/08,2456.96,2456.96,2404.41,2416.98,1632610000,2416.98
08/15/08,2463.1,2473.2,2441.05,2452.52,1742180000,2452.52
08/14/08,2414.41,2461.15,2414.41,2453.67,1835830000,2453.67
08/13/08,2424.32,2443.44,2404.03,2428.62,1995490000,2428.62
08/12/08,2434.26,2447.16,2421.09,2430.61,2052610000,2430.61
08/11/08,2407.55,2461.65,2402.53,2439.95,2272240000,2439.95
08/08/08,2356.84,2416.4,2352.04,2414.1,2189630000,2414.1
08/07/08,2362.79,2386.44,2351.32,2355.73,2189120000,2355.73
08/06/08,2349.17,2385.77,2333.53,2378.37,2228710000,2378.37
08/05/08,2308.14,2349.83,2303.63,2349.83,2324730000,2349.83
08/04/08,2309.75,2309.75,2280.93,2285.56,2010200000,2285.56
08/01/08,2326.83,2328.95,2286.41,2310.96,2312140000,2310.96
07/31/08,2311.33,2353.39,2309.64,2325.55,2316510000,2325.55
07/30/08,2329.01,2342.88,2299.98,2329.72,2280940000,2329.72
07/29/08,2274.61,2320.18,2274.37,2319.62,2274090000,2319.62
07/28/08,2307.19,2317.75,2258.62,2264.22,1931230000,2264.22
07/25/08,2294.69,2312.6,2282.63,2310.53,2045130000,2310.53
07/24/08,2329.21,2329.21,2278.91,2280.11,2499920000,2280.11
07/23/08,2305.11,2350.09,2300.2,2325.88,2730180000,2325.88
07/22/08,2256.32,2303.96,2252.84,2303.96,2510310000,2303.96
07/21/08,2290.75,2300.32,2270.28,2279.53,1859410000,2279.53
07/18/08,2286.92,2293.18,2269.55,2282.78,2225800000,2282.78
07/17/08,2296.57,2320.77,2274.27,2312.3,2570670000,2312.3
07/16/08,2219.27,2284.85,2205.71,2284.85,2425020000,2284.85
07/15/08,2197.18,2249.12,2167.29,2215.71,2798410000,2215.71
07/14/08,2262.86,2266.44,2207,2212.87,1997990000,2212.87
07/11/08,2233.38,2265.86,2203.25,2239.08,2340180000,2239.08
07/10/08,2239.95,2267.67,2223.04,2257.85,2300880000,2257.85
07/09/08,2290.63,2296.03,2234.59,2234.89,2285560000,2234.89
07/08/08,2244.9,2294.44,2233.99,2294.44,2462380000,2294.44
07/07/08,2263.69,2276.54,2214.16,2243.32,2363990000,2243.32
07/03/08,2261.74,2262.96,2227.8,2245.38,1423670000,2245.38
07/02/08,2311.57,2317.2,2251.3,2251.46,2376300000,2251.46
07/01/08,2274.24,2306.91,2255.79,2304.97,2653890000,2304.97
06/30/08,2312.42,2325.49,2292.98,2292.98,2096400000,2292.98
06/27/08,2319.62,2329.94,2290.59,2315.63,3403540000,2315.63
06/26/08,2365.86,2366.16,2321.37,2321.37,2300840000,2321.37
06/25/08,2376.82,2421.25,2376.29,2401.26,2153970000,2401.26
06/24/08,2375.8,2394.86,2352.1,2368.28,2195920000,2368.28
06/23/08,2416.55,2419.69,2384.56,2385.74,1916230000,2385.74
06/20/08,2441.96,2441.96,2394.26,2406.09,2570320000,2406.09
06/19/08,2427.17,2469.15,2412.37,2462.06,2294540000,2462.06
06/18/08,2444.96,2449.18,2422.96,2429.71,2030700000,2429.71
06/17/08,2481.2,2483.19,2456.78,2457.73,1798050000,2457.73
06/16/08,2443.13,2479.95,2441.24,2474.78,1871720000,2474.78
06/13/08,2423.05,2454.5,2417.01,2454.5,2106050000,2454.5
06/12/08,2414.46,2432.88,2388.49,2404.35,2276640000,2404.35
06/11/08,2444.94,2446.28,2394.01,2394.01,2065810000,2394.01
06/10/08,2436.75,2466.28,2432.47,2448.94,2081430000,2448.94
06/09/08,2483.22,2485,2429.3,2459.46,2084630000,2459.46
06/06/08,2528.52,2529.97,2474.56,2474.56,2192240000,2474.56
06/05/08,2509.49,2549.94,2504.57,2549.94,2254760000,2549.94
06/04/08,2473.03,2518.71,2471.52,2503.14,2153510000,2503.14
06/03/08,2500.5,2513.89,2460.56,2480.48,2148040000,2480.48
06/02/08,2514.82,2516.37,2471.41,2491.53,1972760000,2491.53
05/30/08,2519.14,2530.16,2510.65,2522.66,2153350000,2522.66
05/29/08,2486.09,2522.14,2485.92,2508.32,1956100000,2508.32
05/28/08,2491.5,2493.38,2465.59,2486.7,1792750000,2486.7
05/27/08,2450.52,2482.08,2448.58,2481.24,1742710000,2481.24
05/23/08,2454.14,2456,2430.36,2444.67,1734070000,2444.67
05/22/08,2454.74,2474.53,2448.84,2464.58,1932080000,2464.58
05/21/08,2497.39,2508.9,2444.99,2448.27,2166450000,2448.27
05/20/08,2505.86,2506.19,2479.37,2492.26,1991010000,2492.26
05/19/08,2530.82,2551.47,2505.6,2516.09,2269590000,2516.09
05/16/08,2537.41,2537.41,2504.18,2528.85,2286090000,2528.85
05/15/08,2496.44,2535.19,2492.95,2533.73,2176320000,2533.73
05/14/08,2503.28,2528.4,2493.58,2496.7,2129270000,2496.7
05/13/08,2491.02,2498.07,2472.58,2495.12,1895250000,2495.12
05/12/08,2454.65,2490.22,2446.36,2488.49,1769330000,2488.49
05/09/08,2432.55,2455.33,2429.03,2445.52,1711510000,2445.52
05/08/08,2450.01,2462.51,2436.61,2451.24,2031770000,2451.24
05/07/08,2483.03,2496.65,2435.76,2438.49,2238810000,2438.49
05/06/08,2455.11,2488.83,2445.37,2483.31,2097260000,2483.31
05/05/08,2475.31,2486.05,2458.12,2464.12,2085110000,2464.12
05/02/08,2499.14,2499.14,2461.46,2476.99,2279510000,2476.99
05/01/08,2416.49,2480.71,2416.49,2480.71,2344770000,2480.71
04/30/08,2434.2,2451.19,2406.37,2412.8,2127390000,2412.8
04/29/08,2420,2435.38,2412.1,2426.1,1769030000,2426.1
04/28/08,2422.63,2437,2416.9,2424.4,1724680000,2424.4
04/25/08,2424.68,2427.09,2391.15,2422.93,1956260000,2422.93
04/24/08,2408.25,2447.28,2383.76,2428.92,2337160000,2428.92
04/23/08,2391.64,2412.53,2382.77,2405.21,2181580000,2405.21
04/22/08,2397.12,2397.17,2361.67,2376.94,1941680000,2376.94
04/21/08,2393.07,2410.97,2389.82,2408.04,1601280000,2408.04
04/18/08,2394.52,2412.78,2383.24,2402.97,2190920000,2402.97
04/17/08,2347.32,2348.31,2327.66,2341.83,1779300000,2341.83
04/16/08,2313.42,2352.21,2313.42,2350.11,2128770000,2350.11
04/15/08,2287.43,2291.12,2266.29,2286.04,1884750000,2286.04
04/14/08,2287.02,2296.73,2274.91,2275.82,1626710000,2275.82
04/11/08,2327.7,2328.45,2286.19,2290.24,1902540000,2290.24
04/10/08,2326.78,2363.91,2324.39,2351.7,2159000000,2351.7
04/09/08,2351.94,2353.54,2311.45,2322.12,1922050000,2322.12
04/08/08,2353.58,2359.4,2337.84,2348.76,1635290000,2348.76
04/07/08,2386.62,2390.04,2359.54,2364.83,1730020000,2364.83
04/04/08,2366.91,2391.93,2351.76,2370.98,1977560000,2370.98
04/03/08,2347.91,2373.99,2339.38,2363.3,1993480000,2363.3
04/02/08,2363.42,2381.21,2347.78,2361.4,1996680000,2361.4
04/01/08,2306.51,2362.75,2305.4,2362.75,2160120000,2362.75
03/31/08,2265.15,2289.7,2260.59,2279.1,1788360000,2279.1
03/28/08,2291.32,2304.71,2256.87,2261.18,1785770000,2261.18
03/27/08,2315.04,2315.91,2280.47,2280.83,2038770000,2280.83
03/26/08,2328.62,2331.18,2306.49,2324.36,1915210000,2324.36
03/25/08,2329.16,2346.78,2312.06,2341.05,2099060000,2341.05
03/24/08,2268.2,2336.7,2268.2,2326.75,2312600000,2326.75
03/20/08,2220.5,2258.11,2208.12,2258.11,2764480000,2258.11
03/19/08,2272.12,2280.9,2209.96,2209.96,2265420000,2209.96
03/18/08,2215.61,2268.26,2206.81,2268.26,2411630000,2268.26
03/17/08,2166.94,2200.53,2155.42,2177.01,2338210000,2177.01
03/14/08,2271.21,2277.11,2191.75,2212.49,2547310000,2212.49
03/13/08,2219.28,2272.55,2199.38,2263.61,2419220000,2263.61
03/12/08,2259.97,2282.61,2241.38,2243.87,2077140000,2243.87
03/11/08,2209.65,2255.76,2192.5,2255.76,2526040000,2255.76
03/10/08,2211.14,2216.89,2168.67,2169.34,2101010000,2169.34
03/07/08,2204.48,2242.5,2186.93,2212.49,2386980000,2212.49
03/06/08,2265.67,2272.2,2219.33,2220.5,2165090000,2220.5
03/05/08,2266.49,2290.01,2254.2,2272.81,2209090000,2272.81
03/04/08,2244.21,2266.37,2221.09,2260.28,2669980000,2260.28
03/03/08,2271.26,2275.75,2240.3,2258.6,2145070000,2258.6
02/29/08,2309.06,2311.23,2264.97,2271.48,2405360000,2271.48
02/28/08,2342.56,2352.88,2324.47,2331.57,2032040000,2331.57
02/27/08,2329.16,2363.52,2326.34,2353.78,2216540000,2353.78
02/26/08,2314.42,2361.1,2311.32,2344.99,2263650000,2344.99
02/25/08,2303.41,2333.71,2294.38,2327.48,2152880000,2327.48
02/22/08,2306.61,2308.76,2265.36,2303.35,2324450000,2303.35
02/21/08,2344.08,2353.79,2294.77,2299.78,2277540000,2299.78
02/20/08,2292.82,2331.7,2291.24,2327.1,2258180000,2327.1
02/19/08,2348.98,2352.79,2300.1,2306.2,1988690000,2306.2
02/15/08,2320.58,2329.17,2305.81,2321.8,1999540000,2321.8
02/14/08,2376.22,2376.22,2328.59,2332.54,2267580000,2332.54
02/13/08,2347.22,2373.93,2338.91,2373.93,2174670000,2373.93
02/12/08,2333.31,2349.55,2305.83,2320.04,2183530000,2320.04
02/11/08,2310.75,2326.23,2294.42,2320.06,2072270000,2320.06
02/08/08,2290.5,2318.67,2280.27,2304.85,2229330000,2304.85
02/07/08,2259.62,2318.52,2252.65,2293.03,2946360000,2293.03
02/06/08,2327.18,2338.27,2277.27,2278.75,2362020000,2278.75
02/05/08,2344.81,2359.43,2309.57,2309.57,2501820000,2309.57
02/04/08,2413.42,2413.42,2382.09,2382.85,2050940000,2382.85
02/01/08,2392.58,2419.23,2374.5,2413.36,3060180000,2413.36
01/31/08,2317.11,2403.46,2313.52,2389.86,2813420000,2389.86
01/30/08,2346.36,2396,2343.88,2349,2618850000,2349
01/29/08,2360.43,2362.11,2332,2358.06,2160040000,2358.06
01/28/08,2324.85,2349.91,2306.64,2349.91,2033860000,2349.91
01/25/08,2402.8,2408.22,2322.56,2326.2,2599410000,2326.2
01/24/08,2328.86,2361.89,2326.37,2360.92,2928900000,2360.92
01/23/08,2226.77,2320.13,2202.54,2316.41,3650250000,2316.41
01/22/08,2221.2,2318.6,2221.2,2292.27,3161430000,2292.27
01/18/08,2365.56,2384.21,2323.29,2340.02,2991360000,2340.02
01/17/08,2405.74,2416.51,2343.65,2346.9,2785930000,2346.9
01/16/08,2390.56,2429.58,2361.22,2394.59,3397330000,2394.59
01/15/08,2449.04,2455.29,2412.47,2417.59,2390120000,2417.59
01/14/08,2470.87,2483.13,2455.34,2478.3,2134230000,2478.3
01/11/08,2471.86,2473.95,2428.85,2439.94,2355490000,2439.94
01/10/08,2452.12,2503.55,2446.8,2488.52,2640400000,2488.52
01/09/08,2443.85,2474.55,2407.39,2474.55,2821160000,2474.55
01/08/08,2506.97,2527.42,2440.51,2440.51,2566480000,2440.51
01/07/08,2514.15,2521.62,2471.23,2499.46,2600100000,2499.46
01/04/08,2571.08,2571.08,2502.68,2504.65,2516310000,2504.65
01/03/08,2611.96,2624.27,2592.18,2602.68,1970200000,2602.68
01/02/08,2653.91,2661.5,2597.81,2609.63,2076690000,2609.63
12/31/07,2663.78,2668.61,2646.09,2652.28,1454550000,2652.28
12/28/07,2693.36,2697.77,2661.79,2674.46,1338850000,2674.46
12/27/07,2715.02,2717.12,2675.89,2676.79,2324820000,2676.79
12/26/07,2702.82,2727.55,2698.48,2724.41,1241830000,2724.41
12/24/07,2694.35,2715.77,2694.35,2713.5,778620000,2713.5
12/21/07,2676.85,2691.99,2671.59,2691.99,2508800000,2691.99
12/20/07,2628.12,2640.88,2605.21,2640.86,1960470000,2640.86
12/19/07,2593.33,2609.73,2583.32,2601.01,1835920000,2601.01
12/18/07,2597.59,2604.38,2553.99,2596.03,1982590000,2596.03
12/17/07,2623.23,2626.37,2574.46,2574.46,1873110000,2574.46
12/14/07,2647.68,2671.88,2634.75,2635.74,1902390000,2635.74
12/13/07,2651.45,2670.33,2641.57,2668.49,2143760000,2668.49
12/12/07,2703.26,2712.59,2638.82,2671.14,2311900000,2671.14
12/11/07,2723.09,2734.82,2650.22,2652.35,2195200000,2652.35
12/10/07,2710.73,2727.84,2706.59,2718.95,1776540000,2718.95
12/07/07,2710.33,2711.96,2695.96,2706.16,1855070000,2706.16
12/06/07,2665.87,2709.1,2664.71,2709.03,1970680000,2709.03
12/05/07,2648.96,2671.72,2647.41,2666.36,2258840000,2666.36
12/04/07,2620.34,2636.01,2613.83,2619.83,2044740000,2619.83
12/03/07,2654.91,2667.82,2636.96,2637.13,1994710000,2637.13
11/30/07,2693.61,2696.24,2642.25,2660.96,2571340000,2660.96
11/29/07,2653.36,2675.21,2648.49,2668.13,2157170000,2668.13
11/28/07,2607.33,2667.93,2606.86,2662.91,2518580000,2662.91
11/27/07,2557.98,2585.93,2546.37,2580.8,2166930000,2580.8
11/26/07,2599.82,2613.69,2539.81,2540.99,2019400000,2540.99
11/23/07,2578.99,2601.55,2567.58,2596.6,804330000,2596.6
11/21/07,2570.53,2597.17,2542.7,2562.15,2034730000,2562.15
11/20/07,2603.53,2633.82,2554.32,2596.81,2607370000,2596.81
11/19/07,2622.44,2628.15,2583.26,2593.38,2188010000,2593.38
11/16/07,2631.81,2640.03,2596.59,2637.24,2515680000,2637.24
11/15/07,2636.27,2652.65,2601.39,2618.51,2289480000,2618.51
11/14/07,2698.03,2698.35,2636.32,2644.32,2420260000,2644.32
11/13/07,2613.37,2673.65,2613.37,2673.65,2662780000,2673.65
11/12/07,2619.41,2643,2583,2584.13,2820740000,2584.13
11/09/07,2648.96,2668.79,2624.43,2627.94,2955790000,2627.94
11/08/07,2748.4,2753.05,2648.03,2696,3461810000,2696
11/07/07,2798.45,2810.19,2748.31,2748.76,2491180000,2748.76
11/06/07,2809.81,2825.47,2780.22,2825.18,2482160000,2825.18
11/05/07,2782.8,2807.51,2771.91,2795.18,2092590000,2795.18
11/02/07,2812.79,2817.03,2773.82,2810.38,2426050000,2810.38
11/01/07,2835,2835.63,2793.17,2794.83,2528410000,2794.83
10/31/07,2827.8,2861.51,2815.67,2859.12,2534530000,2859.12
10/30/07,2807.32,2828.82,2803.67,2816.71,2121930000,2816.71
10/29/07,2815.16,2825.37,2805.25,2817.44,2014730000,2817.44
10/26/07,2806.52,2810.31,2776.53,2804.19,2583680000,2804.19
10/25/07,2777.59,2787.29,2733.08,2750.86,2753360000,2750.86
10/24/07,2775.33,2781.96,2720.3,2774.76,2739680000,2774.76
10/23/07,2775.52,2799.26,2758.53,2799.26,2335770000,2799.26
10/22/07,2705.86,2755.47,2698.14,2753.93,1958710000,2753.93
10/19/07,2799.32,2799.32,2725.16,2725.16,2371650000,2725.16
10/18/07,2778.31,2803.26,2770.11,2799.31,1973010000,2799.31
10/17/07,2801.66,2803.96,2755.26,2792.67,2400080000,2792.67
10/16/07,2770.03,2781.8,2759.43,2763.91,2038520000,2763.91
10/15/07,2809.17,2811.66,2764.68,2780.05,1967120000,2780.05
10/12/07,2779.79,2806.18,2778.29,2805.68,1957790000,2805.68
10/11/07,2824.55,2834,2757.76,2772.2,2508690000,2772.2
10/10/07,2805.44,2813.67,2795.98,2811.61,1916630000,2811.61
10/09/07,2793.95,2806.41,2784.52,2803.91,1865120000,2803.91
10/08/07,2777.72,2787.37,2771.6,2787.37,1496610000,2787.37
10/05/07,2754.68,2784.93,2749.85,2780.32,2012860000,2780.32
10/04/07,2735.39,2735.52,2718.05,2733.57,1695520000,2733.57
10/03/07,2734.32,2746.14,2721.23,2729.43,1851090000,2729.43
10/02/07,2740.65,2747.11,2732.69,2747.11,1740460000,2747.11
10/01/07,2704.25,2743.53,2704.25,2740.99,1914080000,2740.99
09/28/07,2709.65,2716.75,2692.02,2701.5,1929890000,2701.5
09/27/07,2711.82,2712.79,2702.02,2709.59,1745070000,2709.59
09/26/07,2696.53,2709.23,2689.59,2699.03,1984010000,2699.03
09/25/07,2658.53,2683.92,2656.33,2683.45,1910890000,2683.45
09/24/07,2676.42,2692.16,2660.52,2667.95,1848950000,2667.95
09/21/07,2670.75,2678.69,2666.32,2671.22,2268300000,2671.22
09/20/07,2659.58,2669.43,2648.07,2654.29,1751460000,2654.29
09/19/07,2665.89,2683.02,2654.9,2666.48,2183810000,2666.48
09/18/07,2592.96,2651.66,2583.14,2651.66,2083620000,2651.66
09/17/07,2594.04,2596.09,2575.36,2581.66,1407780000,2581.66
09/14/07,2582.15,2603.63,2577.73,2602.18,1586580000,2602.18
09/13/07,2607.13,2612.7,2589.41,2601.06,1666510000,2601.06
09/12/07,2592.83,2612.18,2590.38,2592.07,1888570000,2592.07
09/11/07,2573.28,2598.94,2572.86,2597.47,1743730000,2597.47
09/10/07,2581.78,2588.88,2536.93,2559.11,1771430000,2559.11
09/07/07,2581.48,2584.28,2556.59,2565.7,1906520000,2565.7
09/06/07,2615.74,2620.89,2595.52,2614.32,1795220000,2614.32
09/05/07,2618.28,2621.54,2596.7,2605.95,1921820000,2605.95
09/04/07,2596.38,2644.45,2596.38,2630.24,1863090000,2630.24
08/31/07,2596.19,2603.11,2579.79,2596.36,1536640000,2596.36
08/30/07,2545.08,2587.86,2542.48,2565.3,1704910000,2565.3
08/29/07,2518.82,2563.16,2512.6,2563.16,1649720000,2563.16
08/28/07,2546.39,2548.06,2500.55,2500.64,1562800000,2500.64
08/27/07,2570.41,2573.83,2557.48,2561.25,1314030000,2561.25
08/24/07,2539.65,2576.69,2534.64,2576.69,1624860000,2576.69
08/23/07,2562.41,2565.35,2530.57,2541.7,1622880000,2541.7
08/22/07,2542.99,2554.9,2533.74,2552.8,1787060000,2552.8
08/21/07,2502.31,2529.66,2500.66,2521.3,1677080000,2521.3
08/20/07,2511.07,2516.31,2487.44,2508.59,1656440000,2508.59
08/17/07,2510.38,2524.96,2466.36,2505.03,2580340000,2505.03
08/16/07,2440.91,2460.5,2386.69,2451.07,3279620000,2451.07
08/15/07,2492.76,2520.39,2457.89,2458.83,2259870000,2458.83
08/14/07,2549.26,2552.49,2499.12,2499.12,1982860000,2499.12
08/13/07,2566.6,2572.51,2541.35,2542.24,2154750000,2542.24
08/10/07,2529.54,2569.25,2503.16,2544.89,3202570000,2544.89
08/09/07,2573.03,2615.93,2556.49,2556.49,3593450000,2556.49
08/08/07,2582.6,2627.75,2582.6,2612.98,3542890000,2612.98
08/07/07,2532.78,2577.81,2523.44,2561.6,2704030000,2561.6
08/06/07,2524.87,2547.33,2491.96,2547.33,2815560000,2547.33
08/03/07,2572.92,2575.58,2511.12,2511.25,2504430000,2511.25
08/02/07,2557.59,2579.28,2553.14,2575.98,2456970000,2575.98
08/01/07,2538.5,2557.11,2515.81,2553.87,2912270000,2553.87
07/31/07,2606.32,2607.45,2545.9,2546.27,2789130000,2546.27
07/30/07,2568.14,2592,2552.31,2583.28,2291710000,2583.28
07/27/07,2599.87,2608.99,2562.06,2562.24,2705290000,2562.24
07/26/07,2620.75,2632.46,2563.81,2599.34,3392140000,2599.34
07/25/07,2660.19,2665.81,2628.15,2648.17,2482250000,2648.17
07/24/07,2673.7,2682.4,2634.03,2639.86,2463270000,2639.86
07/23/07,2698.49,2705.03,2688.41,2690.58,2034080000,2690.58
07/20/07,2709.99,2710.32,2674.64,2687.6,2335920000,2687.6
07/19/07,2716.66,2724.74,2710.84,2720.04,2177500000,2720.04
07/18/07,2695.28,2699.87,2674.26,2699.49,2257380000,2699.49
07/17/07,2702.1,2719.94,2701.56,2712.29,2158690000,2712.29
07/16/07,2703.4,2712.13,2693.71,2697.33,1751060000,2697.33
07/13/07,2696.96,2707.64,2694.09,2707,1729190000,2707
07/12/07,2662.76,2701.73,2662.52,2701.73,2166350000,2701.73
07/11/07,2637.12,2652.34,2631.89,2651.79,2014260000,2651.79
07/10/07,2657.87,2662.55,2637.66,2639.16,2229340000,2639.16
07/09/07,2668.99,2672.59,2660.65,2670.02,1895200000,2670.02
07/06/07,2656.3,2667.97,2649.05,2666.51,1597110000,2666.51
07/05/07,2646.3,2658.01,2637.78,2656.65,1694530000,2656.65
07/03/07,2636.71,2644.95,2635,2644.95,1089120000,2644.95
07/02/07,2617.39,2632.3,2614.84,2632.3,1853840000,2632.3
06/29/07,2619.94,2626.56,2590.09,2603.23,2168420000,2603.23
06/28/07,2606.14,2624.6,2604.6,2608.37,1923410000,2608.37
06/27/07,2563.83,2605.92,2560.45,2605.35,2020260000,2605.35
06/26/07,2589.22,2590.89,2566.34,2574.16,2100330000,2574.16
06/25/07,2590.59,2605.87,2568.5,2577.08,2039010000,2577.08
06/22/07,2610.36,2612.75,2583.24,2588.96,3240350000,2588.96
06/21/07,2597.65,2618.54,2586.05,2616.96,2562640000,2616.96
06/20/07,2632.2,2634.6,2599.63,2599.96,2793260000,2599.96
06/19/07,2620.31,2631.3,2612.42,2626.76,1871880000,2626.76
06/18/07,2631.34,2631.45,2617.66,2626.6,1717120000,2626.6
06/15/07,2625.33,2630.51,2620.72,2626.71,2420750000,2626.71
06/14/07,2584.14,2604.76,2583.93,2599.41,1936220000,2599.41
06/13/07,2558.47,2582.31,2556.72,2582.31,2086610000,2582.31
06/12/07,2560.41,2576.89,2547.99,2549.77,2047210000,2549.77
06/11/07,2569.64,2584.82,2566.84,2572.15,1614980000,2572.15
06/08/07,2541.14,2573.74,2534.97,2573.54,1908130000,2573.54
06/07/07,2577.37,2585.73,2541.38,2541.38,2716240000,2541.38
06/06/07,2599.56,2599.56,2578.81,2587.18,2163430000,2587.18
06/05/07,2611.16,2613.31,2595.01,2611.23,2182810000,2611.23
06/04/07,2606.05,2619.75,2604.85,2618.29,1947220000,2618.29
06/01/07,2614.01,2626.4,2608.69,2613.92,1880030000,2613.92
05/31/07,2599.47,2607.9,2594.29,2604.52,2286850000,2604.52
05/30/07,2556.17,2592.59,2551.68,2592.59,1969150000,2592.59
05/29/07,2561.04,2576.36,2558.4,2572.06,1651000000,2572.06
05/25/07,2547.41,2560.03,2544.46,2557.19,1559700000,2557.19
05/24/07,2577.21,2585.73,2531.28,2537.92,2350850000,2537.92
05/23/07,2592.62,2600.94,2576.23,2577.05,2011060000,2577.05
05/22/07,2580.04,2593.03,2573.95,2588.02,1943950000,2588.02
05/21/07,2560.93,2587.87,2560.85,2578.79,1974220000,2578.79
05/18/07,2548.07,2559.03,2540.67,2558.45,1996930000,2558.45
05/17/07,2544.32,2547.71,2535.47,2539.38,1924890000,2539.38
05/16/07,2532.71,2547.42,2519.35,2547.42,2061050000,2547.42
05/15/07,2544.67,2557.78,2523.83,2525.29,2187760000,2525.29
05/14/07,2564.05,2568.93,2537.92,2546.44,1941450000,2546.44
05/11/07,2541.66,2562.45,2539.67,2562.22,1725550000,2562.22
05/10/07,2564.8,2570.73,2533.12,2533.74,2237610000,2533.74
05/09/07,2557.63,2579.98,2555.71,2576.34,2104220000,2576.34
05/08/07,2563.18,2571.75,2551.15,2571.75,1897750000,2571.75
05/07/07,2572.64,2580.06,2569.22,2570.95,1652300000,2570.95
05/04/07,2574.5,2577.96,2561.73,2572.15,2214130000,2572.15
05/03/07,2560.85,2569.8,2555.84,2565.46,2137140000,2565.46
05/02/07,2531.96,2562.78,2531.96,2557.84,2073150000,2557.84
05/01/07,2529.95,2532.37,2510.57,2531.53,2351750000,2531.53
04/30/07,2558.05,2558.75,2525.09,2525.09,2080710000,2525.09
04/27/07,2554.48,2562.99,2550.1,2557.21,2078160000,2557.21
04/26/07,2551.49,2560.64,2544.12,2554.46,2406090000,2554.46
04/25/07,2533.54,2551.39,2523.84,2547.89,2644120000,2547.89
04/24/07,2528.39,2529.48,2509.26,2524.54,2220610000,2524.54
04/23/07,2525.77,2531.4,2518.47,2523.67,1928530000,2523.67
04/20/07,2525.23,2532.24,2515.24,2526.39,2084270000,2526.39
04/19/07,2497.22,2515.95,2490.34,2505.35,2112920000,2505.35
04/18/07,2507.34,2518.21,2499.65,2510.5,2046760000,2510.5
04/17/07,2519.12,2522.07,2510.6,2516.95,1900920000,2516.95
04/16/07,2500.55,2519.03,2500.55,2518.33,1779410000,2518.33
04/13/07,2479.69,2491.94,2468.23,2491.94,1834320000,2491.94
04/12/07,2455.72,2480.41,2448.71,2480.32,1905500000,2480.32
04/11/07,2477.76,2478.51,2452.05,2459.31,1957970000,2459.31
04/10/07,2468.13,2479.46,2468.03,2477.61,1834530000,2477.61
04/09/07,2478.02,2478.68,2464.57,2469.18,1714880000,2469.18
04/05/07,2457.65,2471.34,2455.6,2471.34,1537800000,2471.34
04/04/07,2451.94,2461.49,2448.69,2458.69,1933300000,2458.69
04/03/07,2432.3,2456.17,2432.3,2450.33,1932030000,2450.33
04/02/07,2425.36,2427.94,2409.04,2422.26,1784170000,2422.26
03/30/07,2419.91,2432.2,2403.01,2421.64,1998550000,2421.64
03/29/07,2432.5,2433.04,2396.83,2417.88,1926070000,2417.88
03/28/07,2427.19,2434.32,2413.09,2417.1,1868310000,2417.1
03/27/07,2448.92,2450.03,2435.19,2437.43,1708060000,2437.43
03/26/07,2451.6,2455.63,2428,2455.63,1817870000,2455.63
03/23/07,2451.83,2459.96,2447.81,2448.93,1634470000,2448.93
03/22/07,2457.06,2457.37,2442.51,2451.74,1887290000,2451.74
03/21/07,2415.54,2455.92,2405.39,2455.92,2158740000,2455.92
03/20/07,2394.82,2412.64,2393.19,2408.21,1761940000,2408.21
03/19/07,2384.66,2399.8,2381.55,2394.41,1650970000,2394.41
03/16/07,2376.82,2385.32,2364.36,2372.66,2031650000,2372.66
03/15/07,2371.02,2382.62,2367.74,2378.7,1690430000,2378.7
03/14/07,2350.94,2371.74,2331.57,2371.74,2255630000,2371.74
03/13/07,2388.86,2395.98,2350.57,2350.57,2235000000,2350.57
03/12/07,2385.14,2404.02,2384.39,2402.29,1637980000,2402.29
03/09/07,2403.13,2404.8,2375.57,2387.55,1875050000,2387.55
03/08/07,2396.55,2402.2,2382,2387.73,1989910000,2387.73
03/07/07,2382.65,2388.78,2371.92,2374.64,1959330000,2374.64
03/06/07,2363.15,2390.14,2361.27,2385.14,2121430000,2385.14
03/05/07,2368,2377.84,2340.4,2340.68,2291680000,2340.68
03/02/07,2389.86,2401.26,2368,2368,2352790000,2368
03/01/07,2377.18,2419.15,2359.44,2404.21,2710750000,2404.21
02/28/07,2411.89,2431.86,2395.35,2416.15,2620450000,2416.15
02/27/07,2468.74,2470.92,2402.36,2407.86,3037380000,2407.86
02/26/07,2525.04,2525.98,2492.54,2504.52,1912480000,2504.52
02/23/07,2522.53,2522.84,2506.95,2515.1,2012220000,2515.1
02/22/07,2523.36,2531.42,2509.06,2524.94,1850960000,2524.94
02/21/07,2503.54,2518.42,2500.96,2518.42,2012450000,2518.42
02/20/07,2491.75,2514.22,2479.92,2513.04,2165590000,2513.04
02/16/07,2491.48,2497.92,2482.66,2496.31,1887430000,2496.31
02/15/07,2489.84,2498.37,2485.51,2497.1,1949670000,2497.1
02/14/07,2468.04,2494.51,2468.04,2488.38,2173580000,2488.38
02/13/07,2455.25,2464.56,2452.17,2459.88,1821390000,2459.88
02/12/07,2460.63,2460.63,2444.68,2450.38,1840250000,2450.38
02/09/07,2491.65,2496.52,2453.44,2459.82,2186590000,2459.82
02/08/07,2484.5,2492.41,2477.71,2488.67,1995880000,2488.67
02/07/07,2483.73,2495.27,2475.57,2490.5,2198410000,2490.5
02/06/07,2475.78,2478.24,2454.6,2471.49,2113710000,2471.49
02/05/07,2475.03,2481.57,2466.18,2470.6,1875310000,2470.6
02/02/07,2474.19,2478.41,2466.56,2475.88,1876770000,2475.88
02/01/07,2474.08,2481.38,2458.71,2468.38,2170040000,2468.38
01/31/07,2443.33,2471.2,2433.76,2463.93,2186710000,2463.93
01/30/07,2446.66,2451,2437.42,2448.64,1769600000,2448.64
01/29/07,2434.64,2451.83,2431.31,2441.09,1915400000,2441.09
01/26/07,2441.1,2443.44,2418.61,2435.49,2067080000,2435.49
01/25/07,2469.27,2470.51,2430.56,2434.24,2202280000,2434.24
01/24/07,2443.01,2466.28,2440.82,2466.28,2202040000,2466.28
01/23/07,2428.26,2447.03,2425.98,2431.41,2001100000,2431.41
01/22/07,2454.5,2454.66,2422.92,2431.07,1900860000,2431.07
01/19/07,2437.63,2453.79,2435.68,2451.31,2037890000,2451.31
01/18/07,2475.33,2475.8,2438.11,2443.21,2456180000,2443.21
01/17/07,2487.89,2496.93,2475.83,2479.42,2273880000,2479.42
01/16/07,2504.56,2508.93,2493.92,2497.78,2139550000,2497.78
01/12/07,2481.72,2502.82,2481.54,2502.82,2175810000,2502.82
01/11/07,2464.89,2489.46,2463.39,2484.85,2436270000,2484.85
01/10/07,2434.04,2461.34,2427.9,2459.33,2274210000,2459.33
01/09/07,2443.26,2449.87,2423.56,2443.83,2144160000,2443.83
01/08/07,2435.25,2445.63,2421.13,2438.2,1905620000,2438.2
01/05/07,2445.07,2445.07,2420.59,2434.25,2060360000,2434.25
01/04/07,2423.82,2460.51,2413.75,2453.43,2104210000,2453.43
01/03/07,2429.72,2454.62,2394.66,2423.16,2435280000,2423.16
12/29/06,2423.03,2437.38,2413.43,2415.29,1413920000,2415.29
12/28/06,2425.32,2432.48,2420.91,2425.57,1237530000,2425.57
12/27/06,2418.78,2432.73,2418.78,2431.22,1216260000,2431.22
12/26/06,2398.22,2414.21,2397.68,2413.51,1016200000,2413.51
12/22/06,2415.98,2416.49,2400.72,2401.18,1306530000,2401.18
12/21/06,2430.14,2433.13,2408.99,2415.85,1732880000,2415.85
12/20/06,2432,2443.34,2426.41,2427.61,1749530000,2427.61
12/19/06,2420.08,2437.33,2408.85,2429.55,1960720000,2429.55
12/18/06,2462.43,2470.95,2428.66,2435.57,1936350000,2435.57
12/15/06,2467.36,2470.02,2455.24,2457.2,2324650000,2457.2
12/14/06,2435.75,2461.31,2435.75,2453.85,1889510000,2453.85
12/13/06,2444.12,2444.12,2423.87,2432.41,1782430000,2432.41
12/12/06,2443.03,2444.72,2419.32,2431.6,1927540000,2431.6
12/11/06,2437.36,2453.22,2429.97,2442.86,1813340000,2442.86
12/08/06,2423.67,2447.03,2416.77,2437.36,1840600000,2437.36
12/07/06,2449.64,2454.91,2427.69,2427.69,2051030000,2427.69
12/06/06,2447.54,2451.86,2436.47,2445.86,1889000000,2445.86
12/05/06,2455.7,2459.51,2445.14,2452.38,1990600000,2452.38
12/04/06,2420.92,2455.67,2420.6,2448.39,1954530000,2448.39
12/01/06,2430.75,2434.39,2392.95,2413.21,2040520000,2413.21
11/30/06,2430.75,2441.35,2419.23,2431.77,2134200000,2431.77
11/29/06,2422.91,2436.61,2414.8,2432.23,1903430000,2432.23
11/28/06,2397.32,2414.08,2390.1,2412.61,1958630000,2412.61
11/27/06,2454.17,2454.64,2405.89,2405.92,1950300000,2405.92
11/24/06,2449.73,2468.42,2449.32,2460.26,681510000,2460.26
11/22/06,2463.21,2467.2,2450.64,2465.98,1573120000,2465.98
11/21/06,2454.65,2456.6,2445.04,2454.84,1660270000,2454.84
11/20/06,2441.16,2457.14,2437.84,2452.72,1697480000,2452.72
11/17/06,2439.63,2445.86,2431.79,2445.86,1732400000,2445.86
11/16/06,2447.09,2453.35,2438.04,2449.06,2038830000,2449.06
11/15/06,2430.14,2452.56,2429.68,2442.75,2103870000,2442.75
11/14/06,2408.05,2430.83,2394.62,2430.66,1926370000,2430.66
11/13/06,2389.52,2408.91,2387.88,2406.38,1720810000,2406.38
11/10/06,2378.26,2389.72,2373.62,2389.72,1680460000,2389.72
11/09/06,2399.28,2401.33,2370.6,2376.01,2380240000,2376.01
11/08/06,2363.92,2393.47,2358.44,2384.94,2076020000,2384.94
11/07/06,2366.01,2391.34,2363.64,2375.88,2088770000,2375.88
11/06/06,2341.66,2371.81,2341.66,2365.95,1892250000,2365.95
11/03/06,2339.04,2343.98,2316.82,2330.79,1830050000,2330.79
11/02/06,2324.48,2339.13,2320.84,2334.02,1887310000,2334.02
11/01/06,2373.49,2375.53,2330.57,2334.35,2027020000,2334.35
10/31/06,2368.75,2374.64,2355.95,2366.71,1922150000,2366.71
10/30/06,2347.21,2371.06,2341.03,2363.77,1724180000,2363.77
10/27/06,2375.17,2377.34,2347.07,2350.62,2268950000,2350.62
10/26/06,2361.09,2379.29,2347.88,2379.1,2339540000,2379.1
10/25/06,2346.77,2359.76,2338.65,2356.59,2100780000,2356.59
10/24/06,2352.49,2356.03,2335.91,2344.84,1856880000,2344.84
10/23/06,2338.15,2364.2,2330.61,2355.56,1823480000,2355.56
10/20/06,2340.94,2349.36,2329.13,2342.3,1922070000,2342.3
10/19/06,2332.54,2345.24,2324.43,2340.94,2000690000,2340.94
10/18/06,2355.42,2362.09,2330.49,2337.15,2130750000,2337.15
10/17/06,2354.07,2354.07,2329.8,2344.95,2125950000,2344.95
10/16/06,2359.19,2368.11,2358.01,2363.84,1823620000,2363.84
10/13/06,2344.7,2360.23,2341.4,2357.29,1940530000,2357.29
10/12/06,2318.28,2346.29,2318.28,2346.18,2003960000,2346.18
10/11/06,2304.67,2322.07,2292.29,2308.27,1995600000,2308.27
10/10/06,2314.12,2319.06,2302.24,2315.43,1760360000,2315.43
10/09/06,2297.82,2317.42,2295.25,2311.77,1485280000,2311.77
10/06/06,2296.15,2306.28,2289.99,2299.99,1672470000,2299.99
10/05/06,2289.53,2306.35,2287.61,2306.34,1911090000,2306.34
10/04/06,2239.88,2290.98,2239.26,2290.95,2190280000,2290.95
10/03/06,2233.01,2251.86,2224.21,2243.65,1946800000,2243.65
10/02/06,2257,2262.67,2235.68,2237.6,1769170000,2237.6
09/29/06,2273.3,2273.3,2257.98,2258.43,1812120000,2258.43
09/28/06,2266.93,2273.12,2252.91,2270.02,1805260000,2270.02
09/27/06,2256.17,2271,2254.37,2263.39,2039100000,2263.39
09/26/06,2247.72,2261.78,2243.67,2261.34,2011140000,2261.34
09/25/06,2227.37,2253.45,2212.02,2249.07,1833860000,2249.07
09/22/06,2233.55,2233.55,2210.13,2218.93,1646540000,2218.93
09/21/06,2257.54,2261.47,2232.89,2237.75,1993110000,2237.75
09/20/06,2242.11,2257.28,2242.11,2252.89,2164940000,2252.89
09/19/06,2239.86,2239.86,2202.93,2222.37,2079920000,2222.37
09/18/06,2232.99,2247.47,2228.52,2235.75,1914200000,2235.75
09/15/06,2243.28,2247.16,2227.72,2235.59,2455870000,2235.59
09/14/06,2221.73,2230.97,2218.86,2228.73,1826600000,2228.73
09/13/06,2214.8,2229.18,2211.14,2227.67,1860530000,2227.67
09/12/06,2174.61,2217.28,2174.61,2215.82,2007990000,2215.82
09/11/06,2152.12,2180.39,2147.44,2173.25,1694280000,2173.25
09/08/06,2160.02,2168.44,2154.55,2165.79,1457220000,2165.79
09/07/06,2160.05,2174.8,2149.36,2155.29,1847190000,2155.29
09/06/06,2189.7,2190.26,2167.63,2167.84,1797080000,2167.84
09/05/06,2192.94,2207.55,2184.42,2205.7,1732460000,2205.7
09/01/06,2194.56,2198.58,2182.93,2193.16,1325540000,2193.16
08/31/06,2189.17,2193.34,2181.77,2183.75,1700210000,2183.75
08/30/06,2175.07,2188.55,2167.48,2185.73,1620030000,2185.73
08/29/06,2161.96,2173.88,2145.22,2172.3,1580990000,2172.3
08/28/06,2140.52,2164.22,2139.57,2160.7,1333860000,2160.7
08/25/06,2132.17,2152.92,2129.25,2140.29,1282510000,2140.29
08/24/06,2142.34,2144.33,2122.65,2137.11,1404360000,2137.11
08/23/06,2152.91,2160.11,2126.75,2134.66,1457180000,2134.66
08/22/06,2145.31,2162.68,2140.63,2150.02,1555940000,2150.02
08/21/06,2151.91,2153.53,2140.81,2147.75,1314000000,2147.75
08/18/06,2157.14,2165.47,2138.45,2163.95,1683790000,2163.95
08/17/06,2144.3,2168.11,2141.56,2157.61,1919020000,2157.61
08/16/06,2127.06,2149.54,2120.11,2149.54,2474760000,2149.54
08/15/06,2092.49,2115.01,2089.6,2115.01,1755660000,2115.01
08/14/06,2073.01,2092.66,2067.69,2069.04,1480120000,2069.04
08/11/06,2066.23,2066.23,2049.84,2057.71,1423530000,2057.71
08/10/06,2052.98,2076.35,2048.22,2071.74,1730320000,2071.74
08/09/06,2085.56,2097.76,2056.77,2060.28,2074060000,2060.28
08/08/06,2079.52,2083.9,2054.13,2060.85,1889440000,2060.85
08/07/06,2079.45,2079.45,2064.94,2072.5,1428170000,2072.5
08/04/06,2107.83,2119.01,2068.8,2085.05,1832040000,2085.05
08/03/06,2064.56,2099.81,2060.91,2092.34,1818790000,2092.34
08/02/06,2069.91,2089,2069.58,2078.81,1755730000,2078.81
08/01/06,2080.34,2080.34,2052.75,2061.99,1663070000,2061.99
07/31/06,2087.86,2098.24,2082.62,2091.47,1582270000,2091.47
07/28/06,2065.28,2094.95,2065.06,2094.14,1803290000,2094.14
07/27/06,2082.57,2093.14,2052.02,2054.47,2120100000,2054.47
07/26/06,2066.46,2083.96,2053.64,2070.46,2073310000,2070.46
07/25/06,2060.38,2080.11,2055.34,2073.9,1913710000,2073.9
07/24/06,2030.49,2061.84,2030.49,2061.84,1975870000,2061.84
07/21/06,2035.26,2035.78,2014.07,2020.39,2346890000,2020.39
07/20/06,2083.83,2084.24,2038.71,2039.42,1951450000,2039.42
07/19/06,2037.68,2086.07,2037.1,2080.71,2304740000,2080.71
07/18/06,2043.18,2052.53,2012.78,2043.22,1996880000,2043.22
07/17/06,2034.76,2050.65,2028.3,2037.72,1504880000,2037.72
07/14/06,2053.88,2056.53,2027.11,2037.35,1779960000,2037.35
07/13/06,2076.39,2090.24,2054.1,2054.11,2022040000,2054.11
07/12/06,2121.71,2128.86,2090.23,2090.24,1776520000,2090.24
07/11/06,2110.42,2129.47,2095.69,2128.86,1971500000,2128.86
07/10/06,2135.96,2142.36,2109.18,2116.93,1561790000,2116.93
07/07/06,2146.89,2155.09,2126.64,2130.06,1759870000,2130.06
07/06/06,2156.3,2168.54,2148.21,2155.09,1585090000,2155.09
07/05/06,2174.69,2190.43,2147.12,2153.34,1586970000,2153.34
07/03/06,2177.91,2190.44,2172.09,2190.43,788200000,2190.43
06/30/06,2181.47,2183.48,2164.67,2172.09,2458840000,2172.09
06/29/06,2121.5,2174.38,2111.84,2174.38,2165390000,2174.38
06/28/06,2105.94,2112.62,2090.78,2111.84,1591310000,2111.84
06/27/06,2134.58,2139.43,2098.76,2100.25,1788170000,2100.25
06/26/06,2126.46,2135.71,2121.47,2133.67,1392940000,2133.67
06/23/06,2120.3,2137.43,2110.81,2121.47,1614510000,2121.47
06/22/06,2138.97,2141.2,2113.59,2122.98,1644700000,2122.98
06/21/06,2109.22,2152.56,2107.06,2141.2,1854850000,2141.2
06/20/06,2110.92,2126.72,2103.77,2107.06,1572100000,2107.06
06/19/06,2136.6,2138.77,2104.38,2110.42,1681580000,2110.42
06/16/06,2140.51,2144.15,2122.78,2129.95,2428150000,2129.95
06/15/06,2098.37,2147.91,2086,2144.15,2201490000,2144.15
06/14/06,2075.55,2091.94,2065.11,2086,2090140000,2086
06/13/06,2089.88,2108.36,2067.74,2072.47,2594500000,2072.47
06/12/06,2137.47,2138.68,2091.32,2091.32,1887720000,2091.32
06/09/06,2151.92,2163.21,2133.47,2135.06,1754740000,2135.06
06/08/06,2141.59,2151.8,2100.43,2145.32,2948100000,2145.32
06/07/06,2166.58,2184.44,2150.69,2151.8,1913870000,2151.8
06/06/06,2174.28,2176.47,2144.2,2162.78,2089540000,2162.78
06/05/06,2212.35,2219.41,2169.4,2169.62,1733250000,2169.62
06/02/06,2229.84,2233.88,2203.73,2219.41,1933380000,2219.41
06/01/06,2179.82,2219.86,2177.8,2219.86,2078740000,2219.86
05/31/06,2171.46,2185.33,2165.79,2178.88,2119060000,2178.88
05/30/06,2202.57,2202.57,2164.74,2164.74,1718660000,2164.74
05/26/06,2205.9,2210.49,2196.7,2210.37,1540700000,2210.37
05/25/06,2182.43,2198.58,2174.24,2198.24,2028960000,2198.24
05/24/06,2159.83,2179.84,2135.81,2169.17,2597020000,2169.17
05/23/06,2188.38,2199.56,2158.76,2158.76,2131750000,2158.76
05/22/06,2178.15,2184.57,2156.67,2172.86,2269960000,2172.86
05/19/06,2183.34,2198.66,2164.54,2193.88,2514380000,2193.88
05/18/06,2205.37,2212.95,2180.28,2180.32,2022640000,2180.32
05/17/06,2214.9,2222.38,2193.87,2195.8,2337800000,2195.8
05/16/06,2239,2243.74,2222.8,2229.13,1996620000,2229.13
05/15/06,2234.01,2245.18,2220.5,2238.52,2006700000,2238.52
05/12/06,2263.97,2264.19,2243.32,2243.78,2289510000,2243.78
05/11/06,2319.08,2319.6,2270.51,2272.7,2446770000,2272.7
05/10/06,2332.82,2338.25,2314.45,2320.74,2014270000,2320.74
05/09/06,2339.71,2343.62,2334.17,2338.25,1845230000,2338.25
05/08/06,2342.41,2352.56,2339.46,2344.99,1726260000,2344.99
05/05/06,2335.96,2344.37,2332.68,2342.57,1989260000,2342.57
05/04/06,2307.38,2326.82,2307.38,2323.9,2054110000,2323.9
05/03/06,2311.2,2312.6,2295.03,2303.97,2127260000,2303.97
05/02/06,2311.73,2313.93,2302.8,2309.84,2070740000,2309.84
05/01/06,2329.79,2334.69,2300.25,2304.79,2076120000,2304.79
04/28/06,2321.61,2337.28,2317.47,2322.57,2501760000,2322.57
04/27/06,2324.63,2361.89,2315.12,2344.95,2573560000,2344.95
04/26/06,2333.57,2342.88,2327.73,2333.63,2084230000,2333.63
04/25/06,2338.54,2338.54,2321.64,2330.3,2301780000,2330.3
04/24/06,2338.78,2338.78,2324.28,2333.38,2008130000,2333.38
04/21/06,2371.65,2371.65,2333.5,2342.86,2326080000,2342.86
04/20/06,2368.74,2375.54,2354.07,2362.55,2125120000,2362.55
04/19/06,2358.87,2370.93,2350.04,2370.88,2077690000,2370.88
04/18/06,2318.27,2357.46,2318.27,2356.14,2252800000,2356.14
04/17/06,2325.56,2332.67,2299.42,2311.16,1776170000,2311.16
04/13/06,2314.32,2333.03,2310.12,2326.11,1516980000,2326.11
04/12/06,2309.39,2318.05,2308.33,2314.68,1536510000,2314.68
04/11/06,2337.88,2339.79,2302.19,2310.35,2098780000,2310.35
04/10/06,2340.39,2343.59,2326.47,2333.27,1840950000,2333.27
04/07/06,2367.32,2375.45,2336.71,2339.02,2002360000,2339.02
04/06/06,2358.92,2366.56,2347.64,2361.17,2141860000,2361.17
04/05/06,2349.82,2361.91,2341.66,2359.75,2027440000,2359.75
04/04/06,2337.95,2350.7,2332.67,2345.36,2082320000,2345.36
04/03/06,2352.24,2357.53,2334.6,2336.74,1952960000,2336.74
03/31/06,2345.53,2348.89,2334.54,2339.79,1851620000,2339.79
03/30/06,2340.23,2353.14,2330.84,2340.82,2160810000,2340.82
03/29/06,2309.94,2344.67,2308.41,2337.78,2375300000,2337.78
03/28/06,2315.61,2327.83,2299.56,2304.46,1997510000,2304.46
03/27/06,2312.47,2319.93,2310.02,2315.58,1850220000,2315.58
03/24/06,2304.74,2316.15,2300.37,2312.82,1928040000,2312.82
03/23/06,2300.17,2305.17,2287.9,2300.15,1963750000,2300.15
03/22/06,2283.39,2305.44,2282.38,2303.35,2116220000,2303.35
03/21/06,2312.9,2332.95,2292.55,2294.23,2360430000,2294.23
03/20/06,2311.93,2317.13,2305.59,2314.11,1943820000,2314.11
03/17/06,2306.17,2310.84,2294.5,2306.48,2540120000,2306.48
03/16/06,2319.11,2323.79,2299.55,2299.56,2344240000,2299.56
03/15/06,2301.17,2312.49,2293.06,2311.84,2090520000,2311.84
03/14/06,2264.25,2296.92,2264.24,2295.9,1911750000,2295.9
03/13/06,2269.44,2280.2,2263.68,2267.03,1649550000,2267.03
03/10/06,2251.81,2266.99,2239.54,2262.04,1752700000,2262.04
03/09/06,2272.26,2279.28,2249.56,2249.72,1957560000,2249.72
03/08/06,2260.87,2275.13,2248.65,2267.46,2084040000,2267.46
03/07/06,2280.08,2280.08,2259.64,2268.38,1908310000,2268.38
03/06/06,2306.66,2309.51,2281.37,2286.03,2112280000,2286.03
03/03/06,2299.1,2324.92,2297.09,2302.6,2389040000,2302.6
03/02/06,2305.53,2316.93,2299.76,2311.11,2089100000,2311.11
03/01/06,2288.15,2315.95,2285.64,2314.64,2190420000,2314.64
02/28/06,2300.96,2305.62,2276.74,2281.39,2120560000,2281.39
02/27/06,2291.48,2313.53,2291.24,2307.18,1714420000,2307.18
02/24/06,2278.27,2287.86,2272.78,2287.04,1583980000,2287.04
02/23/06,2279.59,2293.74,2271.82,2279.32,1754200000,2279.32
02/22/06,2264.69,2287.99,2259.17,2283.17,1824110000,2283.17
02/21/06,2283.52,2284.82,2256.75,2262.96,1747180000,2262.96
02/17/06,2291.73,2291.76,2279.63,2282.36,1948640000,2282.36
02/16/06,2281.88,2294.63,2278.06,2294.63,1940470000,2294.63
02/15/06,2259.04,2277.13,2255.1,2276.43,1783050000,2276.43
02/14/06,2243.54,2266.82,2237.47,2262.17,1805300000,2262.17
02/13/06,2252.04,2254.31,2232.68,2239.81,1662000000,2239.81
02/10/06,2255.77,2266.44,2235.41,2261.88,2017730000,2261.88
02/09/06,2273.77,2284.52,2254.26,2255.87,2321310000,2255.87
02/08/06,2260.22,2268.72,2246.98,2266.98,2181770000,2266.98
02/07/06,2255.94,2265.54,2239.51,2244.96,2117180000,2244.96
02/06/06,2263.12,2265.81,2249.75,2258.8,1769530000,2258.8
02/03/06,2268.43,2274.62,2255.99,2262.58,2230020000,2262.58
02/02/06,2306.57,2308.05,2277.3,2281.57,2307830000,2281.57
02/01/06,2294.11,2311.57,2292.23,2310.56,2274610000,2310.56
01/31/06,2305.82,2311.83,2292.95,2305.82,2235900000,2305.82
01/30/06,2306.24,2313.98,2304.75,2306.78,1900730000,2306.78
01/27/06,2293.37,2314.36,2289.47,2304.23,2331690000,2304.23
01/26/06,2274.85,2284.07,2264.85,2283,2404920000,2283
01/25/06,2275.3,2275.3,2253.06,2260.65,2188120000,2260.65
01/24/06,2256.13,2269.44,2256.03,2265.25,2067470000,2265.25
01/23/06,2255.31,2256.24,2241.02,2248.47,1902480000,2248.47
01/20/06,2300.36,2300.73,2245.2,2247.7,2348140000,2247.7
01/19/06,2291.69,2311.71,2289.82,2301.81,2308150000,2301.81
01/18/06,2265.5,2285.94,2264.08,2279.64,2276900000,2279.64
01/17/06,2302.56,2305.87,2294.05,2302.69,1702260000,2302.69
01/13/06,2317.74,2321.7,2308.16,2317.04,1784410000,2317.04
01/12/06,2327.17,2330.31,2313.22,2316.69,2011460000,2316.69
01/11/06,2321.41,2332.92,2316.49,2331.36,2380600000,2331.36
01/10/06,2306.22,2320.32,2303.93,2320.32,1978160000,2320.32
01/09/06,2306.18,2322.63,2303.13,2318.69,1949140000,2318.69
01/06/06,2289.21,2306.72,2281.01,2305.62,2233640000,2305.62
01/05/06,2264.93,2277.56,2264.5,2276.87,1891750000,2276.87
01/04/06,2246.96,2265.28,2246.07,2263.46,1887560000,2263.46
01/03/06,2216.53,2249.68,2189.91,2243.74,1998300000,2243.74